filename,predicted_label,unit,thesis,2025-04-09 00:00:00,2025-04-10 00:00:00,2025-04-11 00:00:00,2025-04-12 00:00:00,2025-04-13 00:00:00,2025-04-14 00:00:00,2025-04-15 00:00:00,2025-04-16 00:00:00,2025-04-17 00:00:00,2025-04-18 00:00:00,2025-04-19 00:00:00,2025-04-20 00:00:00,2025-04-21 00:00:00,2025-04-22 00:00:00,2025-04-23 00:00:00,2025-04-24 00:00:00,2025-04-25 00:00:00,2025-04-26 00:00:00,2025-04-27 00:00:00,2025-04-28 00:00:00,2025-04-29 00:00:00,2025-04-30 00:00:00,2025-05-01 00:00:00,2025-05-02 00:00:00,2025-05-03 00:00:00,2025-05-04 00:00:00,2025-05-05 00:00:00,2025-05-06 00:00:00,Unnamed: 30,Unnamed: 31,Unnamed: 32,GR1 ,GR2,GR3,Unnamed: 36,Unnamed: 37,GR2 (01/06-15/06),GR2 (01/06-15/06).1,GR3 (15/06-29/06),GR3 (15/06-29/06).1,GR3 (15/06-29/06).2
DSC18_07553.JPG,downy_mildew,B18,1.0,5.0,7.0636363636363635,9.127272727272727,11.190909090909091,13.254545454545454,15.318181818181817,17.38181818181818,19.44545454545454,21.509090909090904,23.572727272727267,25.63636363636363,27.699999999999992,29.481249999999992,31.262499999999992,33.043749999999996,34.824999999999996,36.606249999999996,38.387499999999996,40.168749999999996,41.949999999999996,43.731249999999996,45.512499999999996,47.293749999999996,49.074999999999996,50.856249999999996,52.637499999999996,54.418749999999996,56.199999999999996,,,,2.0636363636363635,,,,,0.40285714285714214,-0.40285714285714214,,0.6600000000000001,0.6600000000000001
DSC18_07555.JPG,downy_mildew,,,,,,,,,,,,,,,,,,,,,,,,,,,,,,,,,,,,,,,,,,,
DSC18_07556.JPG,downy_mildew,,,,,,,,,,,,,,,,,,,,,,,,,,,,,,,,,,,,,,,,,,,
DSC18_07557.JPG,downy_mildew,,,,,,,,,,,,,,,,,,,,,,,,,,,,,,,,,,,,,,,,,,,
DSC18_07558.JPG,downy_mildew,,,,,,,,,,,,,,,,,,,,,,,,,,,,,,,,,,,,,,,,,,,
DSC18_07559.JPG,downy_mildew,,,,,,,,,,,,,,,,,,,,,,,,,,,,,,,,,,,,,,,,,,,
DSC18_07560.JPG,downy_mildew,,,,,,,,,,,,,,,,,,,,,,,,,,,,,,,,,,,,,,,,,,,
DSC18_07561.JPG,downy_mildew,,,,,,,,,,,,,,,,,,,,,,,,,,,,,,,,,,,,,,,,,,,
DSC18_07563.JPG,downy_mildew,,,,,,,,,,,,,,,,,,,,,,,,,,,,,,,,,,,,,,,,,,,
DSC18_07564.JPG,downy_mildew,,,,,,,,,,,,,,,,,,,,,,,,,,,,,,,,,,,,,,,,,,,
DSC18_07565.JPG,downy_mildew,,,,,,,,,,,,,,,,,,,,,,,,,,,,,,,,,,,,,,,,,,,
DSC18_07566.JPG,downy_mildew,,,,,,,,,,,,,,,,,,,,,,,,,,,,,,,,,,,,,,,,,,,
DSC18_07567.JPG,mosaic_virus_disease,B41,1.0,5.0,7.0636363636363635,9.127272727272727,11.190909090909091,13.254545454545454,15.318181818181817,17.38181818181818,19.44545454545454,21.509090909090904,23.572727272727267,25.63636363636363,27.699999999999992,29.574999999999992,31.449999999999992,33.324999999999996,35.199999999999996,37.074999999999996,38.949999999999996,40.824999999999996,42.699999999999996,44.574999999999996,46.449999999999996,48.324999999999996,50.199999999999996,52.074999999999996,53.949999999999996,55.824999999999996,57.699999999999996,,,,,,,,,0.1678571428571427,0.1678571428571427,,0.0035714285714281147,0.0035714285714281147
DSC18_07568.JPG,downy_mildew,,,,,,,,,,,,,,,,,,,,,,,,,,,,,,,,,,,,,,,,,,,
DSC18_07572.JPG,downy_mildew,,,,,,,,,,,,,,,,,,,,,,,,,,,,,,,,,,,,,,,,,,,
DSC18_07574.JPG,downy_mildew,,,,,,,,,,,,,,,,,,,,,,,,,,,,,,,,,,,,,,,,,,,
DSC18_07575.JPG,downy_mildew,,,,,,,,,,,,,,,,,,,,,,,,,,,,,,,,,,,,,,,,,,,
DSC18_07576.JPG,downy_mildew,,,,,,,,,,,,,,,,,,,,,,,,,,,,,,,,,,,,,,,,,,,
DSC18_07577.JPG,downy_mildew,,,,,,,,,,,,,,,,,,,,,,,,,,,,,,,,,,,,,,,,,,,
DSC18_07579.JPG,downy_mildew,,,,,,,,,,,,,,,,,,,,,,,,,,,,,,,,,,,,,,,,,,,
DSC18_07580.JPG,downy_mildew,,,,,,,,,,,,,,,,,,,,,,,,,,,,,,,,,,,,,,,,,,,
DSC18_07581.JPG,downy_mildew,,,,,,,,,,,,,,,,,,,,,,,,,,,,,,,,,,,,,,,,,,,
DSC18_07584.JPG,downy_mildew,,,,,,,,,,,,,,,,,,,,,,,,,,,,,,,,,,,,,,,,,,,
DSC18_07587.JPG,downy_mildew,,,,,,,,,,,,,,,,,,,,,,,,,,,,,,,,,,,,,,,,,,,
DSC18_07588.JPG,downy_mildew,,,,,,,,,,,,,,,,,,,,,,,,,,,,,,,,,,,,,,,,,,,
DSC18_07589.JPG,downy_mildew,,,,,,,,,,,,,,,,,,,,,,,,,,,,,,,,,,,,,,,,,,,
DSC18_07590.JPG,downy_mildew,,,,,,,,,,,,,,,,,,,,,,,,,,,,,,,,,,,,,,,,,,,
DSC18_07592.JPG,downy_mildew,,,,,,,,,,,,,,,,,,,,,,,,,,,,,,,,,,,,,,,,,,,
DSC18_07593.JPG,downy_mildew,,,,,,,,,,,,,,,,,,,,,,,,,,,,,,,,,,,,,,,,,,,
DSC18_07594.JPG,downy_mildew,,,,,,,,,,,,,,,,,,,,,,,,,,,,,,,,,,,,,,,,,,,
DSC18_07595.JPG,downy_mildew,,,,,,,,,,,,,,,,,,,,,,,,,,,,,,,,,,,,,,,,,,,
DSC18_07597.JPG,downy_mildew,C18,4.0,5.0,7.245454545454546,9.490909090909092,11.736363636363638,13.981818181818184,16.22727272727273,18.472727272727276,20.718181818181822,22.96363636363637,25.209090909090914,27.45454545454546,29.700000000000006,30.621875000000006,31.543750000000006,32.46562500000001,33.38750000000001,34.30937500000001,35.23125000000001,36.15312500000001,37.07500000000001,37.99687500000001,38.91875000000001,39.84062500000001,40.76250000000001,41.68437500000001,42.60625000000001,43.52812500000001,44.45000000000001,,,,,,,,,,,,,
DSC18_07598.JPG,downy_mildew,,,,,,,,,,,,,,,,,,,,,,,,,,,,,,,,,,,,,,,,,,,
DSC18_07600.JPG,mosaic_virus_disease,,,,,,,,,,,,,,,,,,,,,,,,,,,,,,,,,,,,,,,,,,,
DSC18_07601.JPG,downy_mildew,,,,,,,,,,,,,,,,,,,,,,,,,,,,,,,,,,,,,,,,,,,
DSC18_07602.JPG,downy_mildew,,,,,,,,,,,,,,,,,,,,,,,,,,,,,,,,,,,,,,,,,,,
DSC18_07603.JPG,downy_mildew,,,,,,,,,,,,,,,,,,,,,,,,,,,,,,,,,,,,,,,,,,,
DSC18_07604.JPG,downy_mildew,,,,,,,,,,,,,,,,,,,,,,,,,,,,,,,,,,,,,,,,,,,
DSC18_07605.JPG,mosaic_virus_disease,,,,,,,,,,,,,,,,,,,,,,,,,,,,,,,,,,,,,,,,,,,
DSC18_07607.JPG,downy_mildew,,,,,,,,,,,,,,,,,,,,,,,,,,,,,,,,,,,,,,,,,,,
DSC18_07610.JPG,downy_mildew,,,,,,,,,,,,,,,,,,,,,,,,,,,,,,,,,,,,,,,,,,,
DSC18_07611.JPG,downy_mildew,,,,,,,,,,,,,,,,,,,,,,,,,,,,,,,,,,,,,,,,,,,
DSC18_07612.JPG,downy_mildew,,,,,,,,,,,,,,,,,,,,,,,,,,,,,,,,,,,,,,,,,,,
DSC18_07613.JPG,downy_mildew,,,,,,,,,,,,,,,,,,,,,,,,,,,,,,,,,,,,,,,,,,,
DSC18_07614.JPG,downy_mildew,,,,,,,,,,,,,,,,,,,,,,,,,,,,,,,,,,,,,,,,,,,
DSC18_07615.JPG,downy_mildew,,,,,,,,,,,,,,,,,,,,,,,,,,,,,,,,,,,,,,,,,,,
DSC18_07616.JPG,downy_mildew,,,,,,,,,,,,,,,,,,,,,,,,,,,,,,,,,,,,,,,,,,,
DSC18_07619.JPG,downy_mildew,,,,,,,,,,,,,,,,,,,,,,,,,,,,,,,,,,,,,,,,,,,
DSC18_07621.JPG,downy_mildew,,,,,,,,,,,,,,,,,,,,,,,,,,,,,,,,,,,,,,,,,,,
DSC18_07622.JPG,downy_mildew,,,,,,,,,,,,,,,,,,,,,,,,,,,,,,,,,,,,,,,,,,,
DSC18_07623.JPG,downy_mildew,,,,,,,,,,,,,,,,,,,,,,,,,,,,,,,,,,,,,,,,,,,
DSC18_07624.JPG,downy_mildew,,,,,,,,,,,,,,,,,,,,,,,,,,,,,,,,,,,,,,,,,,,
DSC18_07625.JPG,downy_mildew,,,,,,,,,,,,,,,,,,,,,,,,,,,,,,,,,,,,,,,,,,,
DSC18_07626.JPG,downy_mildew,,,,,,,,,,,,,,,,,,,,,,,,,,,,,,,,,,,,,,,,,,,
DSC18_07627.JPG,downy_mildew,,,,,,,,,,,,,,,,,,,,,,,,,,,,,,,,,,,,,,,,,,,
DSC18_07628.JPG,downy_mildew,,,,,,,,,,,,,,,,,,,,,,,,,,,,,,,,,,,,,,,,,,,
DSC18_07630.JPG,downy_mildew,,,,,,,,,,,,,,,,,,,,,,,,,,,,,,,,,,,,,,,,,,,
DSC18_07631.JPG,downy_mildew,,,,,,,,,,,,,,,,,,,,,,,,,,,,,,,,,,,,,,,,,,,
DSC18_07633.JPG,downy_mildew,,,,,,,,,,,,,,,,,,,,,,,,,,,,,,,,,,,,,,,,,,,
DSC18_07634.JPG,downy_mildew,,,,,,,,,,,,,,,,,,,,,,,,,,,,,,,,,,,,,,,,,,,
DSC18_07637.JPG,downy_mildew,,,,,,,,,,,,,,,,,,,,,,,,,,,,,,,,,,,,,,,,,,,
DSC18_07638.JPG,downy_mildew,,,,,,,,,,,,,,,,,,,,,,,,,,,,,,,,,,,,,,,,,,,
DSC18_07640.JPG,downy_mildew,,,,,,,,,,,,,,,,,,,,,,,,,,,,,,,,,,,,,,,,,,,
DSC18_07641.JPG,downy_mildew,,,,,,,,,,,,,,,,,,,,,,,,,,,,,,,,,,,,,,,,,,,
DSC18_07642.JPG,downy_mildew,,,,,,,,,,,,,,,,,,,,,,,,,,,,,,,,,,,,,,,,,,,
DSC18_07643.JPG,downy_mildew,,,,,,,,,,,,,,,,,,,,,,,,,,,,,,,,,,,,,,,,,,,
DSC18_07645.JPG,black_mold,,,,,,,,,,,,,,,,,,,,,,,,,,,,,,,,,,,,,,,,,,,
DSC18_07646.JPG,downy_mildew,,,,,,,,,,,,,,,,,,,,,,,,,,,,,,,,,,,,,,,,,,,
DSC18_07647.JPG,downy_mildew,,,,,,,,,,,,,,,,,,,,,,,,,,,,,,,,,,,,,,,,,,,
DSC18_07648.JPG,mosaic_virus_disease,,,,,,,,,,,,,,,,,,,,,,,,,,,,,,,,,,,,,,,,,,,
DSC18_07650.JPG,mosaic_virus_disease,,,,,,,,,,,,,,,,,,,,,,,,,,,,,,,,,,,,,,,,,,,
DSC18_07651.JPG,mosaic_virus_disease,,,,,,,,,,,,,,,,,,,,,,,,,,,,,,,,,,,,,,,,,,,
DSC18_07652.JPG,mosaic_virus_disease,,,,,,,,,,,,,,,,,,,,,,,,,,,,,,,,,,,,,,,,,,,
DSC18_07653.JPG,mosaic_virus_disease,,,,,,,,,,,,,,,,,,,,,,,,,,,,,,,,,,,,,,,,,,,
DSC18_07654.JPG,mosaic_virus_disease,,,,,,,,,,,,,,,,,,,,,,,,,,,,,,,,,,,,,,,,,,,
DSC18_07655.JPG,mosaic_virus_disease,,,,,,,,,,,,,,,,,,,,,,,,,,,,,,,,,,,,,,,,,,,
DSC18_07656.JPG,mosaic_virus_disease,,,,,,,,,,,,,,,,,,,,,,,,,,,,,,,,,,,,,,,,,,,
DSC18_07657.JPG,mosaic_virus_disease,,,,,,,,,,,,,,,,,,,,,,,,,,,,,,,,,,,,,,,,,,,
DSC18_07658.JPG,mosaic_virus_disease,,,,,,,,,,,,,,,,,,,,,,,,,,,,,,,,,,,,,,,,,,,
DSC18_07659.JPG,mosaic_virus_disease,,,,,,,,,,,,,,,,,,,,,,,,,,,,,,,,,,,,,,,,,,,
DSC18_07660.JPG,mosaic_virus_disease,,,,,,,,,,,,,,,,,,,,,,,,,,,,,,,,,,,,,,,,,,,
DSC18_07661.JPG,mosaic_virus_disease,,,,,,,,,,,,,,,,,,,,,,,,,,,,,,,,,,,,,,,,,,,
DSC18_07662.JPG,mosaic_virus_disease,,,,,,,,,,,,,,,,,,,,,,,,,,,,,,,,,,,,,,,,,,,
DSC18_07663.JPG,mosaic_virus_disease,,,,,,,,,,,,,,,,,,,,,,,,,,,,,,,,,,,,,,,,,,,
DSC18_07664.JPG,mosaic_virus_disease,,,,,,,,,,,,,,,,,,,,,,,,,,,,,,,,,,,,,,,,,,,
DSC18_07665.JPG,mosaic_virus_disease,,,,,,,,,,,,,,,,,,,,,,,,,,,,,,,,,,,,,,,,,,,
DSC18_07666.JPG,mosaic_virus_disease,,,,,,,,,,,,,,,,,,,,,,,,,,,,,,,,,,,,,,,,,,,
DSC18_07668.JPG,downy_mildew,,,,,,,,,,,,,,,,,,,,,,,,,,,,,,,,,,,,,,,,,,,
DSC18_07669.JPG,mosaic_virus_disease,,,,,,,,,,,,,,,,,,,,,,,,,,,,,,,,,,,,,,,,,,,
DSC18_07670.JPG,downy_mildew,,,,,,,,,,,,,,,,,,,,,,,,,,,,,,,,,,,,,,,,,,,
DSC18_07671.JPG,downy_mildew,,,,,,,,,,,,,,,,,,,,,,,,,,,,,,,,,,,,,,,,,,,
DSC18_07672.JPG,downy_mildew,,,,,,,,,,,,,,,,,,,,,,,,,,,,,,,,,,,,,,,,,,,
DSC18_07673.JPG,downy_mildew,,,,,,,,,,,,,,,,,,,,,,,,,,,,,,,,,,,,,,,,,,,
DSC18_07674.JPG,downy_mildew,,,,,,,,,,,,,,,,,,,,,,,,,,,,,,,,,,,,,,,,,,,
DSC18_07675.JPG,downy_mildew,,,,,,,,,,,,,,,,,,,,,,,,,,,,,,,,,,,,,,,,,,,
DSC18_07676.JPG,downy_mildew,,,,,,,,,,,,,,,,,,,,,,,,,,,,,,,,,,,,,,,,,,,
DSC18_07678.JPG,downy_mildew,,,,,,,,,,,,,,,,,,,,,,,,,,,,,,,,,,,,,,,,,,,
DSC18_07679.JPG,downy_mildew,,,,,,,,,,,,,,,,,,,,,,,,,,,,,,,,,,,,,,,,,,,
DSC18_07680.JPG,downy_mildew,,,,,,,,,,,,,,,,,,,,,,,,,,,,,,,,,,,,,,,,,,,
DSC18_07681.JPG,downy_mildew,,,,,,,,,,,,,,,,,,,,,,,,,,,,,,,,,,,,,,,,,,,
DSC18_07682.JPG,downy_mildew,,,,,,,,,,,,,,,,,,,,,,,,,,,,,,,,,,,,,,,,,,,
DSC18_07683.JPG,downy_mildew,,,,,,,,,,,,,,,,,,,,,,,,,,,,,,,,,,,,,,,,,,,
DSC18_07684.JPG,downy_mildew,,,,,,,,,,,,,,,,,,,,,,,,,,,,,,,,,,,,,,,,,,,
DSC18_07685.JPG,downy_mildew,,,,,,,,,,,,,,,,,,,,,,,,,,,,,,,,,,,,,,,,,,,
DSC18_07686.JPG,downy_mildew,,,,,,,,,,,,,,,,,,,,,,,,,,,,,,,,,,,,,,,,,,,
DSC18_07687.JPG,downy_mildew,,,,,,,,,,,,,,,,,,,,,,,,,,,,,,,,,,,,,,,,,,,
DSC18_07688.JPG,downy_mildew,,,,,,,,,,,,,,,,,,,,,,,,,,,,,,,,,,,,,,,,,,,
DSC18_07689.JPG,downy_mildew,,,,,,,,,,,,,,,,,,,,,,,,,,,,,,,,,,,,,,,,,,,
DSC18_07690.JPG,downy_mildew,,,,,,,,,,,,,,,,,,,,,,,,,,,,,,,,,,,,,,,,,,,
DSC18_07691.JPG,downy_mildew,,,,,,,,,,,,,,,,,,,,,,,,,,,,,,,,,,,,,,,,,,,
DSC18_07692.JPG,downy_mildew,,,,,,,,,,,,,,,,,,,,,,,,,,,,,,,,,,,,,,,,,,,
DSC18_07693.JPG,mosaic_virus_disease,,,,,,,,,,,,,,,,,,,,,,,,,,,,,,,,,,,,,,,,,,,
DSC18_07694.JPG,downy_mildew,,,,,,,,,,,,,,,,,,,,,,,,,,,,,,,,,,,,,,,,,,,
DSC18_07695.JPG,downy_mildew,,,,,,,,,,,,,,,,,,,,,,,,,,,,,,,,,,,,,,,,,,,
DSC18_07696.JPG,downy_mildew,,,,,,,,,,,,,,,,,,,,,,,,,,,,,,,,,,,,,,,,,,,
DSC18_07697.JPG,downy_mildew,,,,,,,,,,,,,,,,,,,,,,,,,,,,,,,,,,,,,,,,,,,
DSC18_07698.JPG,downy_mildew,,,,,,,,,,,,,,,,,,,,,,,,,,,,,,,,,,,,,,,,,,,
DSC18_07873.JPG,downy_mildew,,,,,,,,,,,,,,,,,,,,,,,,,,,,,,,,,,,,,,,,,,,
DSC18_07874.JPG,mosaic_virus_disease,,,,,,,,,,,,,,,,,,,,,,,,,,,,,,,,,,,,,,,,,,,
DSC18_07875.JPG,mosaic_virus_disease,,,,,,,,,,,,,,,,,,,,,,,,,,,,,,,,,,,,,,,,,,,
DSC18_07876.JPG,mosaic_virus_disease,,,,,,,,,,,,,,,,,,,,,,,,,,,,,,,,,,,,,,,,,,,
DSC18_07877.JPG,mosaic_virus_disease,,,,,,,,,,,,,,,,,,,,,,,,,,,,,,,,,,,,,,,,,,,
DSC18_07878.JPG,mosaic_virus_disease,,,,,,,,,,,,,,,,,,,,,,,,,,,,,,,,,,,,,,,,,,,
DSC18_07879.JPG,mosaic_virus_disease,,,,,,,,,,,,,,,,,,,,,,,,,,,,,,,,,,,,,,,,,,,
DSC18_07880.JPG,downy_mildew,,,,,,,,,,,,,,,,,,,,,,,,,,,,,,,,,,,,,,,,,,,
DSC18_07881.JPG,mosaic_virus_disease,,,,,,,,,,,,,,,,,,,,,,,,,,,,,,,,,,,,,,,,,,,
DSC18_07882.JPG,mosaic_virus_disease,,,,,,,,,,,,,,,,,,,,,,,,,,,,,,,,,,,,,,,,,,,
DSC18_07883.JPG,mosaic_virus_disease,,,,,,,,,,,,,,,,,,,,,,,,,,,,,,,,,,,,,,,,,,,
DSC18_07884.JPG,mosaic_virus_disease,,,,,,,,,,,,,,,,,,,,,,,,,,,,,,,,,,,,,,,,,,,
DSC18_07885.JPG,mosaic_virus_disease,,,,,,,,,,,,,,,,,,,,,,,,,,,,,,,,,,,,,,,,,,,
DSC18_07886.JPG,downy_mildew,,,,,,,,,,,,,,,,,,,,,,,,,,,,,,,,,,,,,,,,,,,
DSC18_07887.JPG,downy_mildew,,,,,,,,,,,,,,,,,,,,,,,,,,,,,,,,,,,,,,,,,,,
DSC18_07888.JPG,downy_mildew,,,,,,,,,,,,,,,,,,,,,,,,,,,,,,,,,,,,,,,,,,,
DSC18_07889.JPG,mosaic_virus_disease,,,,,,,,,,,,,,,,,,,,,,,,,,,,,,,,,,,,,,,,,,,
DSC18_07890.JPG,mosaic_virus_disease,,,,,,,,,,,,,,,,,,,,,,,,,,,,,,,,,,,,,,,,,,,
DSC18_07891.JPG,mosaic_virus_disease,,,,,,,,,,,,,,,,,,,,,,,,,,,,,,,,,,,,,,,,,,,
DSC18_07892.JPG,mosaic_virus_disease,,,,,,,,,,,,,,,,,,,,,,,,,,,,,,,,,,,,,,,,,,,
DSC18_07893.JPG,mosaic_virus_disease,,,,,,,,,,,,,,,,,,,,,,,,,,,,,,,,,,,,,,,,,,,
DSC18_07894.JPG,mosaic_virus_disease,,,,,,,,,,,,,,,,,,,,,,,,,,,,,,,,,,,,,,,,,,,
DSC18_07895.JPG,downy_mildew,,,,,,,,,,,,,,,,,,,,,,,,,,,,,,,,,,,,,,,,,,,
DSC18_07896.JPG,downy_mildew,,,,,,,,,,,,,,,,,,,,,,,,,,,,,,,,,,,,,,,,,,,
DSC18_07897.JPG,downy_mildew,,,,,,,,,,,,,,,,,,,,,,,,,,,,,,,,,,,,,,,,,,,
DSC18_07898.JPG,downy_mildew,,,,,,,,,,,,,,,,,,,,,,,,,,,,,,,,,,,,,,,,,,,
DSC18_07899.JPG,mosaic_virus_disease,B46,1.0,5.0,7.0636363636363635,9.127272727272727,11.190909090909091,13.254545454545454,15.318181818181817,17.38181818181818,19.44545454545454,21.509090909090904,23.572727272727267,25.63636363636363,27.699999999999992,29.959374999999994,32.21874999999999,34.47812499999999,36.73749999999999,38.99687499999999,41.25624999999999,43.515624999999986,45.774999999999984,48.03437499999998,50.29374999999998,52.55312499999998,54.81249999999998,57.07187499999998,59.331249999999976,61.590624999999974,63.84999999999997,,,,2.0636363636363635,,,,,0.007142857142858006,0.007142857142858006,,0.27857142857142847,-0.27857142857142847
DSC18_07900.JPG,mosaic_virus_disease,,,,,,,,,,,,,,,,,,,,,,,,,,,,,,,,,,,,,,,,,,,
DSC18_07901.JPG,mosaic_virus_disease,,,,,,,,,,,,,,,,,,,,,,,,,,,,,,,,,,,,,,,,,,,
DSC18_07902.JPG,mosaic_virus_disease,,,,,,,,,,,,,,,,,,,,,,,,,,,,,,,,,,,,,,,,,,,
DSC18_07903.JPG,mosaic_virus_disease,,,,,,,,,,,,,,,,,,,,,,,,,,,,,,,,,,,,,,,,,,,
DSC18_07904.JPG,mosaic_virus_disease,,,,,,,,,,,,,,,,,,,,,,,,,,,,,,,,,,,,,,,,,,,
DSC18_07905.JPG,mosaic_virus_disease,,,,,,,,,,,,,,,,,,,,,,,,,,,,,,,,,,,,,,,,,,,
DSC18_07906.JPG,downy_mildew,,,,,,,,,,,,,,,,,,,,,,,,,,,,,,,,,,,,,,,,,,,
DSC18_07907.JPG,mosaic_virus_disease,,,,,,,,,,,,,,,,,,,,,,,,,,,,,,,,,,,,,,,,,,,
DSC18_07908.JPG,mosaic_virus_disease,,,,,,,,,,,,,,,,,,,,,,,,,,,,,,,,,,,,,,,,,,,
DSC18_07909.JPG,downy_mildew,,,,,,,,,,,,,,,,,,,,,,,,,,,,,,,,,,,,,,,,,,,
DSC18_07910.JPG,mosaic_virus_disease,,,,,,,,,,,,,,,,,,,,,,,,,,,,,,,,,,,,,,,,,,,
DSC18_07911.JPG,downy_mildew,,,,,,,,,,,,,,,,,,,,,,,,,,,,,,,,,,,,,,,,,,,
DSC18_07912.JPG,downy_mildew,,,,,,,,,,,,,,,,,,,,,,,,,,,,,,,,,,,,,,,,,,,
DSC18_07913.JPG,mosaic_virus_disease,,,,,,,,,,,,,,,,,,,,,,,,,,,,,,,,,,,,,,,,,,,
DSC18_07914.JPG,mosaic_virus_disease,,,,,,,,,,,,,,,,,,,,,,,,,,,,,,,,,,,,,,,,,,,
DSC18_07915.JPG,mosaic_virus_disease,,,,,,,,,,,,,,,,,,,,,,,,,,,,,,,,,,,,,,,,,,,
DSC18_07916.JPG,mosaic_virus_disease,,,,,,,,,,,,,,,,,,,,,,,,,,,,,,,,,,,,,,,,,,,
DSC18_07917.JPG,mosaic_virus_disease,,,,,,,,,,,,,,,,,,,,,,,,,,,,,,,,,,,,,,,,,,,
DSC18_07918.JPG,mosaic_virus_disease,,,,,,,,,,,,,,,,,,,,,,,,,,,,,,,,,,,,,,,,,,,
DSC18_07919.JPG,mosaic_virus_disease,,,,,,,,,,,,,,,,,,,,,,,,,,,,,,,,,,,,,,,,,,,
DSC18_07920.JPG,mosaic_virus_disease,,,,,,,,,,,,,,,,,,,,,,,,,,,,,,,,,,,,,,,,,,,
DSC18_07921.JPG,mosaic_virus_disease,,,,,,,,,,,,,,,,,,,,,,,,,,,,,,,,,,,,,,,,,,,
DSC18_07922.JPG,downy_mildew,,,,,,,,,,,,,,,,,,,,,,,,,,,,,,,,,,,,,,,,,,,
DSC18_07923.JPG,mosaic_virus_disease,,,,,,,,,,,,,,,,,,,,,,,,,,,,,,,,,,,,,,,,,,,
IMG18_6728.JPG,mosaic_virus_disease,,,,,,,,,,,,,,,,,,,,,,,,,,,,,,,,,,,,,,,,,,,
IMG18_6729.JPG,mosaic_virus_disease,,,,,,,,,,,,,,,,,,,,,,,,,,,,,,,,,,,,,,,,,,,
IMG18_6730.JPG,mosaic_virus_disease,,,,,,,,,,,,,,,,,,,,,,,,,,,,,,,,,,,,,,,,,,,
IMG18_6731.JPG,downy_mildew,,,,,,,,,,,,,,,,,,,,,,,,,,,,,,,,,,,,,,,,,,,
IMG18_6732.JPG,mosaic_virus_disease,,,,,,,,,,,,,,,,,,,,,,,,,,,,,,,,,,,,,,,,,,,
IMG18_6733.JPG,mosaic_virus_disease,,,,,,,,,,,,,,,,,,,,,,,,,,,,,,,,,,,,,,,,,,,
IMG18_6734.JPG,mosaic_virus_disease,,,,,,,,,,,,,,,,,,,,,,,,,,,,,,,,,,,,,,,,,,,
IMG18_6735.JPG,mosaic_virus_disease,,,,,,,,,,,,,,,,,,,,,,,,,,,,,,,,,,,,,,,,,,,
IMG18_6736.JPG,mosaic_virus_disease,,,,,,,,,,,,,,,,,,,,,,,,,,,,,,,,,,,,,,,,,,,
IMG18_6737.JPG,mosaic_virus_disease,,,,,,,,,,,,,,,,,,,,,,,,,,,,,,,,,,,,,,,,,,,
IMG18_6739.JPG,downy_mildew,,,,,,,,,,,,,,,,,,,,,,,,,,,,,,,,,,,,,,,,,,,
IMG18_6740.JPG,mosaic_virus_disease,,,,,,,,,,,,,,,,,,,,,,,,,,,,,,,,,,,,,,,,,,,
IMG18_6741.JPG,mosaic_virus_disease,,,,,,,,,,,,,,,,,,,,,,,,,,,,,,,,,,,,,,,,,,,
IMG18_6742.JPG,mosaic_virus_disease,C19,1.0,5.0,7.0636363636363635,9.127272727272727,11.190909090909091,13.254545454545454,15.318181818181817,17.38181818181818,19.44545454545454,21.509090909090904,23.572727272727267,25.63636363636363,27.699999999999992,29.906249999999993,32.11249999999999,34.31874999999999,36.524999999999984,38.73124999999998,40.93749999999998,43.143749999999976,45.34999999999997,47.55624999999997,49.76249999999997,51.968749999999964,54.17499999999996,56.38124999999996,58.587499999999956,60.79374999999995,62.99999999999995,,,,2.0636363636363635,,,,,0.07857142857142918,-0.07857142857142918,,0.025000000000000355,0.025000000000000355
IMG18_6743 (1).JPG,mosaic_virus_disease,,,,,,,,,,,,,,,,,,,,,,,,,,,,,,,,,,,,,,,,,,,
IMG18_6743.JPG,mosaic_virus_disease,,,,,,,,,,,,,,,,,,,,,,,,,,,,,,,,,,,,,,,,,,,
IMG18_6744 (1).JPG,downy_mildew,,,,,,,,,,,,,,,,,,,,,,,,,,,,,,,,,,,,,,,,,,,
IMG18_6744.JPG,downy_mildew,,,,,,,,,,,,,,,,,,,,,,,,,,,,,,,,,,,,,,,,,,,
IMG18_6745 (1).JPG,mosaic_virus_disease,,,,,,,,,,,,,,,,,,,,,,,,,,,,,,,,,,,,,,,,,,,
IMG18_6745.JPG,mosaic_virus_disease,,,,,,,,,,,,,,,,,,,,,,,,,,,,,,,,,,,,,,,,,,,
IMG18_6746 (1).JPG,mosaic_virus_disease,,,,,,,,,,,,,,,,,,,,,,,,,,,,,,,,,,,,,,,,,,,
IMG18_6746.JPG,mosaic_virus_disease,,,,,,,,,,,,,,,,,,,,,,,,,,,,,,,,,,,,,,,,,,,
IMG18_6747.JPG,mosaic_virus_disease,,,,,,,,,,,,,,,,,,,,,,,,,,,,,,,,,,,,,,,,,,,
IMG18_6748.JPG,mosaic_virus_disease,,,,,,,,,,,,,,,,,,,,,,,,,,,,,,,,,,,,,,,,,,,
IMG18_6750.JPG,mosaic_virus_disease,,,,,,,,,,,,,,,,,,,,,,,,,,,,,,,,,,,,,,,,,,,
IMG18_6751.JPG,mosaic_virus_disease,,,,,,,,,,,,,,,,,,,,,,,,,,,,,,,,,,,,,,,,,,,
IMG18_6911.JPG,mosaic_virus_disease,,,,,,,,,,,,,,,,,,,,,,,,,,,,,,,,,,,,,,,,,,,
IMG18_6912.JPG,mosaic_virus_disease,,,,,,,,,,,,,,,,,,,,,,,,,,,,,,,,,,,,,,,,,,,
IMG18_6915.JPG,mosaic_virus_disease,,,,,,,,,,,,,,,,,,,,,,,,,,,,,,,,,,,,,,,,,,,
IMG18_6916.JPG,mosaic_virus_disease,,,,,,,,,,,,,,,,,,,,,,,,,,,,,,,,,,,,,,,,,,,
IMG18_6917.JPG,mosaic_virus_disease,,,,,,,,,,,,,,,,,,,,,,,,,,,,,,,,,,,,,,,,,,,
IMG18_6918.JPG,mosaic_virus_disease,,,,,,,,,,,,,,,,,,,,,,,,,,,,,,,,,,,,,,,,,,,
IMG2005_2286.JPG,gray_mold,,,,,,,,,,,,,,,,,,,,,,,,,,,,,,,,,,,,,,,,,,,
IMG2005_2287.JPG,gray_mold,,,,,,,,,,,,,,,,,,,,,,,,,,,,,,,,,,,,,,,,,,,
IMG2005_2288.JPG,gray_mold,,,,,,,,,,,,,,,,,,,,,,,,,,,,,,,,,,,,,,,,,,,
IMG2005_2289.JPG,gray_mold,,,,,,,,,,,,,,,,,,,,,,,,,,,,,,,,,,,,,,,,,,,
IMG2005_2290.JPG,gray_mold,,,,,,,,,,,,,,,,,,,,,,,,,,,,,,,,,,,,,,,,,,,
IMG2005_2291.JPG,gray_mold,,,,,,,,,,,,,,,,,,,,,,,,,,,,,,,,,,,,,,,,,,,
IMG2005_2292.JPG,gray_mold,C17,1.0,5.0,7.0636363636363635,9.127272727272727,11.190909090909091,13.254545454545454,15.318181818181817,17.38181818181818,19.44545454545454,21.509090909090904,23.572727272727267,25.63636363636363,27.699999999999992,29.60312499999999,31.50624999999999,33.40937499999999,35.31249999999999,37.215624999999996,39.11875,41.021875,42.925000000000004,44.82812500000001,46.73125000000001,48.63437500000001,50.537500000000016,52.44062500000002,54.34375000000002,56.246875000000024,58.15000000000003,,,,2.0636363636363635,,,,,0.2607142857142861,0.2607142857142861,,0.003571428571429891,-0.003571428571429891
IMG2005_2293.JPG,gray_mold,,,,,,,,,,,,,,,,,,,,,,,,,,,,,,,,,,,,,,,,,,,
IMG2005_2294.JPG,gray_mold,,,,,,,,,,,,,,,,,,,,,,,,,,,,,,,,,,,,,,,,,,,
IMG2005_2295.JPG,gray_mold,,,,,,,,,,,,,,,,,,,,,,,,,,,,,,,,,,,,,,,,,,,
IMG2005_2296.JPG,gray_mold,,,,,,,,,,,,,,,,,,,,,,,,,,,,,,,,,,,,,,,,,,,
IMG2005_2297.JPG,gray_mold,,,,,,,,,,,,,,,,,,,,,,,,,,,,,,,,,,,,,,,,,,,
IMG2005_2298.JPG,gray_mold,,,,,,,,,,,,,,,,,,,,,,,,,,,,,,,,,,,,,,,,,,,
IMG2005_2299.JPG,gray_mold,,,,,,,,,,,,,,,,,,,,,,,,,,,,,,,,,,,,,,,,,,,
IMG2005_2300.JPG,gray_mold,,,,,,,,,,,,,,,,,,,,,,,,,,,,,,,,,,,,,,,,,,,
IMG2005_2301.JPG,gray_mold,,,,,,,,,,,,,,,,,,,,,,,,,,,,,,,,,,,,,,,,,,,
IMG2005_2302.JPG,gray_mold,,,,,,,,,,,,,,,,,,,,,,,,,,,,,,,,,,,,,,,,,,,
IMG2005_2303.JPG,gray_mold,,,,,,,,,,,,,,,,,,,,,,,,,,,,,,,,,,,,,,,,,,,
IMG2005_2304.JPG,gray_mold,,,,,,,,,,,,,,,,,,,,,,,,,,,,,,,,,,,,,,,,,,,
IMG2005_2305.JPG,gray_mold,,,,,,,,,,,,,,,,,,,,,,,,,,,,,,,,,,,,,,,,,,,
IMG2005_2306.JPG,gray_mold,,,,,,,,,,,,,,,,,,,,,,,,,,,,,,,,,,,,,,,,,,,
IMG2005_2307.JPG,gray_mold,,,,,,,,,,,,,,,,,,,,,,,,,,,,,,,,,,,,,,,,,,,
IMG2005_2308.JPG,gray_mold,,,,,,,,,,,,,,,,,,,,,,,,,,,,,,,,,,,,,,,,,,,
IMG2005_2309.JPG,gray_mold,,,,,,,,,,,,,,,,,,,,,,,,,,,,,,,,,,,,,,,,,,,
IMG2005_2310.JPG,gray_mold,,,,,,,,,,,,,,,,,,,,,,,,,,,,,,,,,,,,,,,,,,,
IMG2005_2311.JPG,gray_mold,,,,,,,,,,,,,,,,,,,,,,,,,,,,,,,,,,,,,,,,,,,
IMG2005_2312.JPG,gray_mold,,,,,,,,,,,,,,,,,,,,,,,,,,,,,,,,,,,,,,,,,,,
IMG2005_2313.JPG,gray_mold,,,,,,,,,,,,,,,,,,,,,,,,,,,,,,,,,,,,,,,,,,,
IMG2005_2314.JPG,gray_mold,,,,,,,,,,,,,,,,,,,,,,,,,,,,,,,,,,,,,,,,,,,
IMG2005_2315.JPG,gray_mold,,,,,,,,,,,,,,,,,,,,,,,,,,,,,,,,,,,,,,,,,,,
IMG2005_2316.JPG,gray_mold,C44,1.0,5.0,7.0636363636363635,9.127272727272727,11.190909090909091,13.254545454545454,15.318181818181817,17.38181818181818,19.44545454545454,21.509090909090904,23.572727272727267,25.63636363636363,27.699999999999992,29.315624999999994,30.931249999999995,32.54687499999999,34.162499999999994,35.778124999999996,37.39375,39.009375,40.625,42.240625,43.85625,45.471875000000004,47.087500000000006,48.70312500000001,50.31875000000001,51.93437500000001,53.55000000000001,,,,2.0636363636363635,,,,,0.10714285714285765,0.10714285714285765,,0.20714285714285552,-0.20714285714285552
IMG2005_2317.JPG,gray_mold,,,,,,,,,,,,,,,,,,,,,,,,,,,,,,,,,,,,,,,,,,,
IMG2005_2318.JPG,gray_mold,,,,,,,,,,,,,,,,,,,,,,,,,,,,,,,,,,,,,,,,,,,
IMG2005_2319.JPG,gray_mold,,,,,,,,,,,,,,,,,,,,,,,,,,,,,,,,,,,,,,,,,,,
IMG2005_2320.JPG,gray_mold,,,,,,,,,,,,,,,,,,,,,,,,,,,,,,,,,,,,,,,,,,,
IMG2005_2321.JPG,gray_mold,,,,,,,,,,,,,,,,,,,,,,,,,,,,,,,,,,,,,,,,,,,
IMG2005_2322.JPG,gray_mold,,,,,,,,,,,,,,,,,,,,,,,,,,,,,,,,,,,,,,,,,,,
IMG2005_2323.JPG,gray_mold,,,,,,,,,,,,,,,,,,,,,,,,,,,,,,,,,,,,,,,,,,,
IMG2005_2324.JPG,gray_mold,,,,,,,,,,,,,,,,,,,,,,,,,,,,,,,,,,,,,,,,,,,
IMG2005_2325.JPG,gray_mold,,,,,,,,,,,,,,,,,,,,,,,,,,,,,,,,,,,,,,,,,,,
IMG2005_2326.JPG,gray_mold,,,,,,,,,,,,,,,,,,,,,,,,,,,,,,,,,,,,,,,,,,,
IMG2005_2327.JPG,gray_mold,,,,,,,,,,,,,,,,,,,,,,,,,,,,,,,,,,,,,,,,,,,
IMG2005_2329.JPG,gray_mold,,,,,,,,,,,,,,,,,,,,,,,,,,,,,,,,,,,,,,,,,,,
IMG2005_2330.JPG,gray_mold,,,,,,,,,,,,,,,,,,,,,,,,,,,,,,,,,,,,,,,,,,,
IMG2005_2331.JPG,gray_mold,,,,,,,,,,,,,,,,,,,,,,,,,,,,,,,,,,,,,,,,,,,
IMG2005_2332.JPG,gray_mold,,,,,,,,,,,,,,,,,,,,,,,,,,,,,,,,,,,,,,,,,,,
IMG2005_2333.JPG,gray_mold,,,,,,,,,,,,,,,,,,,,,,,,,,,,,,,,,,,,,,,,,,,
IMG2005_2334.JPG,gray_mold,,,,,,,,,,,,,,,,,,,,,,,,,,,,,,,,,,,,,,,,,,,
IMG2005_2335.JPG,gray_mold,,,,,,,,,,,,,,,,,,,,,,,,,,,,,,,,,,,,,,,,,,,
IMG2005_2336.JPG,gray_mold,,,,,,,,,,,,,,,,,,,,,,,,,,,,,,,,,,,,,,,,,,,
IMG2005_2337.JPG,gray_mold,,,,,,,,,,,,,,,,,,,,,,,,,,,,,,,,,,,,,,,,,,,
IMG2005_2338.JPG,gray_mold,,,,,,,,,,,,,,,,,,,,,,,,,,,,,,,,,,,,,,,,,,,
IMG2005_2340.JPG,gray_mold,,,,,,,,,,,,,,,,,,,,,,,,,,,,,,,,,,,,,,,,,,,
IMG2005_2341.JPG,gray_mold,,,,,,,,,,,,,,,,,,,,,,,,,,,,,,,,,,,,,,,,,,,
IMG2005_2342.JPG,gray_mold,,,,,,,,,,,,,,,,,,,,,,,,,,,,,,,,,,,,,,,,,,,
IMG2005_2343.JPG,gray_mold,,,,,,,,,,,,,,,,,,,,,,,,,,,,,,,,,,,,,,,,,,,
IMG2005_2344.JPG,gray_mold,,,,,,,,,,,,,,,,,,,,,,,,,,,,,,,,,,,,,,,,,,,
IMG2005_2345.JPG,gray_mold,,,,,,,,,,,,,,,,,,,,,,,,,,,,,,,,,,,,,,,,,,,
IMG2005_2346.JPG,gray_mold,,,,,,,,,,,,,,,,,,,,,,,,,,,,,,,,,,,,,,,,,,,
IMG2005_2348.JPG,gray_mold,,,,,,,,,,,,,,,,,,,,,,,,,,,,,,,,,,,,,,,,,,,
IMG2005_2349.JPG,gray_mold,,,,,,,,,,,,,,,,,,,,,,,,,,,,,,,,,,,,,,,,,,,
IMG2005_2350.JPG,gray_mold,,,,,,,,,,,,,,,,,,,,,,,,,,,,,,,,,,,,,,,,,,,
IMG2005_2351.JPG,gray_mold,,,,,,,,,,,,,,,,,,,,,,,,,,,,,,,,,,,,,,,,,,,
IMG2005_2352.JPG,gray_mold,,,,,,,,,,,,,,,,,,,,,,,,,,,,,,,,,,,,,,,,,,,
IMG2005_2353.JPG,gray_mold,,,,,,,,,,,,,,,,,,,,,,,,,,,,,,,,,,,,,,,,,,,
IMG2005_2354.JPG,gray_mold,,,,,,,,,,,,,,,,,,,,,,,,,,,,,,,,,,,,,,,,,,,
IMG2005_2355.JPG,gray_mold,,,,,,,,,,,,,,,,,,,,,,,,,,,,,,,,,,,,,,,,,,,
IMG2005_2356.JPG,gray_mold,,,,,,,,,,,,,,,,,,,,,,,,,,,,,,,,,,,,,,,,,,,
IMG2005_2357.JPG,gray_mold,,,,,,,,,,,,,,,,,,,,,,,,,,,,,,,,,,,,,,,,,,,
IMG2005_2358.JPG,gray_mold,,,,,,,,,,,,,,,,,,,,,,,,,,,,,,,,,,,,,,,,,,,
IMG2005_2359.JPG,gray_mold,,,,,,,,,,,,,,,,,,,,,,,,,,,,,,,,,,,,,,,,,,,
IMG2005_2360.JPG,gray_mold,,,,,,,,,,,,,,,,,,,,,,,,,,,,,,,,,,,,,,,,,,,
IMG2005_2361.JPG,gray_mold,,,,,,,,,,,,,,,,,,,,,,,,,,,,,,,,,,,,,,,,,,,
IMG2005_2362.JPG,gray_mold,,,,,,,,,,,,,,,,,,,,,,,,,,,,,,,,,,,,,,,,,,,
IMG2005_2363.JPG,gray_mold,,,,,,,,,,,,,,,,,,,,,,,,,,,,,,,,,,,,,,,,,,,
IMG2005_2364.JPG,gray_mold,,,,,,,,,,,,,,,,,,,,,,,,,,,,,,,,,,,,,,,,,,,
IMG2005_2365.JPG,gray_mold,B24,2.0,5.0,7.209090909090909,9.418181818181818,11.627272727272727,13.836363636363636,16.045454545454547,18.254545454545458,20.46363636363637,22.67272727272728,24.88181818181819,27.0909090909091,29.30000000000001,29.76250000000001,30.22500000000001,30.687500000000007,31.150000000000006,31.612500000000004,32.075,32.5375,33.0,33.4625,33.925,34.387499999999996,34.849999999999994,35.31249999999999,35.77499999999999,36.23749999999999,36.69999999999999,,,,2.209090909090909,,,,,0.06428571428571317,0.06428571428571317,,0.14285714285714235,-0.14285714285714235
IMG2005_2366.JPG,gray_mold,,,,,,,,,,,,,,,,,,,,,,,,,,,,,,,,,,,,,,,,,,,
IMG2005_2367.JPG,gray_mold,,,,,,,,,,,,,,,,,,,,,,,,,,,,,,,,,,,,,,,,,,,
IMG2005_2368.JPG,gray_mold,,,,,,,,,,,,,,,,,,,,,,,,,,,,,,,,,,,,,,,,,,,
IMG2005_2369.JPG,gray_mold,,,,,,,,,,,,,,,,,,,,,,,,,,,,,,,,,,,,,,,,,,,
IMG2005_2370.JPG,gray_mold,,,,,,,,,,,,,,,,,,,,,,,,,,,,,,,,,,,,,,,,,,,
IMG2005_2371.JPG,gray_mold,,,,,,,,,,,,,,,,,,,,,,,,,,,,,,,,,,,,,,,,,,,
IMG2005_2372.JPG,gray_mold,,,,,,,,,,,,,,,,,,,,,,,,,,,,,,,,,,,,,,,,,,,
IMG2005_2373.JPG,gray_mold,,,,,,,,,,,,,,,,,,,,,,,,,,,,,,,,,,,,,,,,,,,
IMG2005_2374.JPG,gray_mold,,,,,,,,,,,,,,,,,,,,,,,,,,,,,,,,,,,,,,,,,,,
IMG2005_2375.JPG,gray_mold,,,,,,,,,,,,,,,,,,,,,,,,,,,,,,,,,,,,,,,,,,,
IMG2005_2376.JPG,gray_mold,,,,,,,,,,,,,,,,,,,,,,,,,,,,,,,,,,,,,,,,,,,
IMG2005_2377.JPG,gray_mold,,,,,,,,,,,,,,,,,,,,,,,,,,,,,,,,,,,,,,,,,,,
IMG2005_2378.JPG,gray_mold,,,,,,,,,,,,,,,,,,,,,,,,,,,,,,,,,,,,,,,,,,,
IMG2005_2379.JPG,gray_mold,,,,,,,,,,,,,,,,,,,,,,,,,,,,,,,,,,,,,,,,,,,
IMG2005_2380.JPG,gray_mold,,,,,,,,,,,,,,,,,,,,,,,,,,,,,,,,,,,,,,,,,,,
IMG2005_2381.JPG,gray_mold,,,,,,,,,,,,,,,,,,,,,,,,,,,,,,,,,,,,,,,,,,,
IMG2005_2382.JPG,gray_mold,,,,,,,,,,,,,,,,,,,,,,,,,,,,,,,,,,,,,,,,,,,
IMG2005_2383.JPG,gray_mold,,,,,,,,,,,,,,,,,,,,,,,,,,,,,,,,,,,,,,,,,,,
IMG2005_2384.JPG,gray_mold,,,,,,,,,,,,,,,,,,,,,,,,,,,,,,,,,,,,,,,,,,,
IMG2005_2385.JPG,gray_mold,,,,,,,,,,,,,,,,,,,,,,,,,,,,,,,,,,,,,,,,,,,
IMG2005_2386.JPG,gray_mold,,,,,,,,,,,,,,,,,,,,,,,,,,,,,,,,,,,,,,,,,,,
IMG2005_2387.JPG,gray_mold,,,,,,,,,,,,,,,,,,,,,,,,,,,,,,,,,,,,,,,,,,,
IMG2005_2388.JPG,gray_mold,,,,,,,,,,,,,,,,,,,,,,,,,,,,,,,,,,,,,,,,,,,
IMG2006_4209.JPG,powdery_mildew,,,,,,,,,,,,,,,,,,,,,,,,,,,,,,,,,,,,,,,,,,,
IMG2006_4210.JPG,powdery_mildew,,,,,,,,,,,,,,,,,,,,,,,,,,,,,,,,,,,,,,,,,,,
IMG2006_4211.JPG,powdery_mildew,,,,,,,,,,,,,,,,,,,,,,,,,,,,,,,,,,,,,,,,,,,
IMG2006_4212.JPG,powdery_mildew,,,,,,,,,,,,,,,,,,,,,,,,,,,,,,,,,,,,,,,,,,,
IMG2006_4213.JPG,powdery_mildew,,,,,,,,,,,,,,,,,,,,,,,,,,,,,,,,,,,,,,,,,,,
IMG2006_4214.JPG,powdery_mildew,C22,1.0,5.0,7.0636363636363635,9.127272727272727,11.190909090909091,13.254545454545454,15.318181818181817,17.38181818181818,19.44545454545454,21.509090909090904,23.572727272727267,25.63636363636363,27.699999999999992,29.049999999999994,30.399999999999995,31.749999999999996,33.099999999999994,34.449999999999996,35.8,37.15,38.5,39.85,41.2,42.550000000000004,43.900000000000006,45.25000000000001,46.60000000000001,47.95000000000001,49.30000000000001,,,,2.0636363636363635,,,,,0.19642857142857117,0.19642857142857117,,0.02499999999999858,0.02499999999999858
IMG2006_4215.JPG,powdery_mildew,,,,,,,,,,,,,,,,,,,,,,,,,,,,,,,,,,,,,,,,,,,
IMG2006_4216.JPG,powdery_mildew,,,,,,,,,,,,,,,,,,,,,,,,,,,,,,,,,,,,,,,,,,,
IMG2006_4217.JPG,powdery_mildew,,,,,,,,,,,,,,,,,,,,,,,,,,,,,,,,,,,,,,,,,,,
IMG2006_4218.JPG,powdery_mildew,,,,,,,,,,,,,,,,,,,,,,,,,,,,,,,,,,,,,,,,,,,
IMG2006_4219.JPG,powdery_mildew,,,,,,,,,,,,,,,,,,,,,,,,,,,,,,,,,,,,,,,,,,,
IMG2006_4220.JPG,powdery_mildew,,,,,,,,,,,,,,,,,,,,,,,,,,,,,,,,,,,,,,,,,,,
IMG2006_4221.JPG,powdery_mildew,,,,,,,,,,,,,,,,,,,,,,,,,,,,,,,,,,,,,,,,,,,
IMG2006_4222.JPG,powdery_mildew,,,,,,,,,,,,,,,,,,,,,,,,,,,,,,,,,,,,,,,,,,,
IMG2006_4223.JPG,powdery_mildew,,,,,,,,,,,,,,,,,,,,,,,,,,,,,,,,,,,,,,,,,,,
IMG2006_4224.JPG,powdery_mildew,,,,,,,,,,,,,,,,,,,,,,,,,,,,,,,,,,,,,,,,,,,
IMG2006_4225.JPG,powdery_mildew,,,,,,,,,,,,,,,,,,,,,,,,,,,,,,,,,,,,,,,,,,,
IMG2006_4226.JPG,powdery_mildew,,,,,,,,,,,,,,,,,,,,,,,,,,,,,,,,,,,,,,,,,,,
IMG2006_4227.JPG,powdery_mildew,,,,,,,,,,,,,,,,,,,,,,,,,,,,,,,,,,,,,,,,,,,
IMG2006_4228.JPG,powdery_mildew,,,,,,,,,,,,,,,,,,,,,,,,,,,,,,,,,,,,,,,,,,,
IMG2006_4229.JPG,powdery_mildew,,,,,,,,,,,,,,,,,,,,,,,,,,,,,,,,,,,,,,,,,,,
IMG2006_4230.JPG,powdery_mildew,,,,,,,,,,,,,,,,,,,,,,,,,,,,,,,,,,,,,,,,,,,
IMG2006_4231.JPG,powdery_mildew,,,,,,,,,,,,,,,,,,,,,,,,,,,,,,,,,,,,,,,,,,,
IMG2006_4232.JPG,powdery_mildew,,,,,,,,,,,,,,,,,,,,,,,,,,,,,,,,,,,,,,,,,,,
IMG2006_4233.JPG,ulcer_disease,,,,,,,,,,,,,,,,,,,,,,,,,,,,,,,,,,,,,,,,,,,
IMG2006_4234.JPG,powdery_mildew,,,,,,,,,,,,,,,,,,,,,,,,,,,,,,,,,,,,,,,,,,,
IMG2006_4235.JPG,powdery_mildew,,,,,,,,,,,,,,,,,,,,,,,,,,,,,,,,,,,,,,,,,,,
IMG2006_4236.JPG,powdery_mildew,,,,,,,,,,,,,,,,,,,,,,,,,,,,,,,,,,,,,,,,,,,
IMG2006_4237.JPG,powdery_mildew,,,,,,,,,,,,,,,,,,,,,,,,,,,,,,,,,,,,,,,,,,,
IMG2006_4238.JPG,powdery_mildew,,,,,,,,,,,,,,,,,,,,,,,,,,,,,,,,,,,,,,,,,,,
IMG2006_4239.JPG,powdery_mildew,,,,,,,,,,,,,,,,,,,,,,,,,,,,,,,,,,,,,,,,,,,
IMG2006_4240.JPG,powdery_mildew,,,,,,,,,,,,,,,,,,,,,,,,,,,,,,,,,,,,,,,,,,,
IMG2006_4241.JPG,powdery_mildew,,,,,,,,,,,,,,,,,,,,,,,,,,,,,,,,,,,,,,,,,,,
IMG2006_4242.JPG,powdery_mildew,,,,,,,,,,,,,,,,,,,,,,,,,,,,,,,,,,,,,,,,,,,
IMG2006_4243.JPG,powdery_mildew,,,,,,,,,,,,,,,,,,,,,,,,,,,,,,,,,,,,,,,,,,,
IMG2006_4244.JPG,powdery_mildew,,,,,,,,,,,,,,,,,,,,,,,,,,,,,,,,,,,,,,,,,,,
IMG2006_4245.JPG,powdery_mildew,,,,,,,,,,,,,,,,,,,,,,,,,,,,,,,,,,,,,,,,,,,
IMG2006_4246.JPG,powdery_mildew,B19,1.0,,,,,,,,,,,,,,,,,,,,,,,,,,,,,,,,,,,,,,,,,
IMG2006_4247.JPG,powdery_mildew,,,,,,,,,,,,,,,,,,,,,,,,,,,,,,,,,,,,,,,,,,,
IMG2006_4248.JPG,powdery_mildew,,,,,,,,,,,,,,,,,,,,,,,,,,,,,,,,,,,,,,,,,,,
IMG2006_4249.JPG,powdery_mildew,,,,,,,,,,,,,,,,,,,,,,,,,,,,,,,,,,,,,,,,,,,
IMG2006_4250.JPG,powdery_mildew,,,,,,,,,,,,,,,,,,,,,,,,,,,,,,,,,,,,,,,,,,,
IMG2006_4251.JPG,powdery_mildew,,,,,,,,,,,,,,,,,,,,,,,,,,,,,,,,,,,,,,,,,,,
IMG2006_4252.JPG,powdery_mildew,,,,,,,,,,,,,,,,,,,,,,,,,,,,,,,,,,,,,,,,,,,
IMG2006_4253.JPG,powdery_mildew,,,,,,,,,,,,,,,,,,,,,,,,,,,,,,,,,,,,,,,,,,,
IMG2006_4254.JPG,sour_rot,,,,,,,,,,,,,,,,,,,,,,,,,,,,,,,,,,,,,,,,,,,
IMG2006_4255.JPG,powdery_mildew,,,,,,,,,,,,,,,,,,,,,,,,,,,,,,,,,,,,,,,,,,,
IMG2006_4256.JPG,powdery_mildew,,,,,,,,,,,,,,,,,,,,,,,,,,,,,,,,,,,,,,,,,,,
IMG2006_4257.JPG,powdery_mildew,,,,,,,,,,,,,,,,,,,,,,,,,,,,,,,,,,,,,,,,,,,
IMG2006_4258.JPG,sour_rot,,,,,,,,,,,,,,,,,,,,,,,,,,,,,,,,,,,,,,,,,,,
IMG2006_4259.JPG,powdery_mildew,,,,,,,,,,,,,,,,,,,,,,,,,,,,,,,,,,,,,,,,,,,
IMG2006_4260.JPG,sour_rot,,,,,,,,,,,,,,,,,,,,,,,,,,,,,,,,,,,,,,,,,,,
IMG2006_4261.JPG,powdery_mildew,,,,,,,,,,,,,,,,,,,,,,,,,,,,,,,,,,,,,,,,,,,
IMG2006_4262.JPG,powdery_mildew,,,,,,,,,,,,,,,,,,,,,,,,,,,,,,,,,,,,,,,,,,,
IMG2006_4263.JPG,ulcer_disease,C41,3.0,5.0,7.309090909090909,9.618181818181817,11.927272727272726,14.236363636363635,16.545454545454543,18.854545454545452,21.16363636363636,23.47272727272727,25.781818181818178,28.090909090909086,30.399999999999995,31.165624999999995,31.931249999999995,32.69687499999999,33.46249999999999,34.22812499999999,34.99374999999999,35.75937499999999,36.52499999999999,37.29062499999999,38.05624999999999,38.82187499999999,39.58749999999999,40.35312499999999,41.11874999999999,41.88437499999999,42.64999999999999,,,,,,,,,,,,,
IMG2006_4264.JPG,ulcer_disease,C45,2.0,5.0,7.209090909090909,9.418181818181818,11.627272727272727,13.836363636363636,16.045454545454547,18.254545454545458,20.46363636363637,22.67272727272728,24.88181818181819,27.0909090909091,29.30000000000001,29.95000000000001,30.60000000000001,31.250000000000007,31.900000000000006,32.550000000000004,33.2,33.85,34.5,35.15,35.8,36.449999999999996,37.099999999999994,37.74999999999999,38.39999999999999,39.04999999999999,39.69999999999999,,,,,,,,,,,,,
IMG2006_4265.JPG,powdery_mildew,,,,,,,,,,,,,,,,,,,,,,,,,,,,,,,,,,,,,,,,,,,
IMG2006_4266.JPG,powdery_mildew,,,,,,,,,,,,,,,,,,,,,,,,,,,,,,,,,,,,,,,,,,,
IMG2006_4267.JPG,powdery_mildew,,,,,,,,,,,,,,,,,,,,,,,,,,,,,,,,,,,,,,,,,,,
IMG2006_4268.JPG,powdery_mildew,,,,,,,,,,,,,,,,,,,,,,,,,,,,,,,,,,,,,,,,,,,
IMG2006_4269.JPG,powdery_mildew,,,,,,,,,,,,,,,,,,,,,,,,,,,,,,,,,,,,,,,,,,,
IMG2006_4270.JPG,powdery_mildew,,,,,,,,,,,,,,,,,,,,,,,,,,,,,,,,,,,,,,,,,,,
IMG2006_4271.JPG,powdery_mildew,,,,,,,,,,,,,,,,,,,,,,,,,,,,,,,,,,,,,,,,,,,
IMG2006_4272.JPG,powdery_mildew,,,,,,,,,,,,,,,,,,,,,,,,,,,,,,,,,,,,,,,,,,,
IMG2006_4273.JPG,powdery_mildew,,,,,,,,,,,,,,,,,,,,,,,,,,,,,,,,,,,,,,,,,,,
IMG2006_4274.JPG,powdery_mildew,,,,,,,,,,,,,,,,,,,,,,,,,,,,,,,,,,,,,,,,,,,
IMG2006_4275.JPG,powdery_mildew,,,,,,,,,,,,,,,,,,,,,,,,,,,,,,,,,,,,,,,,,,,
IMG2006_4276.JPG,powdery_mildew,,,,,,,,,,,,,,,,,,,,,,,,,,,,,,,,,,,,,,,,,,,
IMG2006_4277.JPG,powdery_mildew,,,,,,,,,,,,,,,,,,,,,,,,,,,,,,,,,,,,,,,,,,,
IMG2006_4278.JPG,powdery_mildew,,,,,,,,,,,,,,,,,,,,,,,,,,,,,,,,,,,,,,,,,,,
IMG2006_4279.JPG,ulcer_disease,,,,,,,,,,,,,,,,,,,,,,,,,,,,,,,,,,,,,,,,,,,
IMG2006_4280.JPG,ulcer_disease,,,,,,,,,,,,,,,,,,,,,,,,,,,,,,,,,,,,,,,,,,,
IMG2006_4281.JPG,powdery_mildew,,,,,,,,,,,,,,,,,,,,,,,,,,,,,,,,,,,,,,,,,,,
IMG2006_4282.JPG,powdery_mildew,,,,,,,,,,,,,,,,,,,,,,,,,,,,,,,,,,,,,,,,,,,
IMG2006_4283.JPG,powdery_mildew,,,,,,,,,,,,,,,,,,,,,,,,,,,,,,,,,,,,,,,,,,,
IMG2006_4284.JPG,powdery_mildew,,,,,,,,,,,,,,,,,,,,,,,,,,,,,,,,,,,,,,,,,,,
IMG2006_4285.JPG,powdery_mildew,,,,,,,,,,,,,,,,,,,,,,,,,,,,,,,,,,,,,,,,,,,
IMG2006_4286.JPG,powdery_mildew,,,,,,,,,,,,,,,,,,,,,,,,,,,,,,,,,,,,,,,,,,,
IMG2006_4287.JPG,powdery_mildew,B21,2.0,5.0,7.209090909090909,9.418181818181818,11.627272727272727,13.836363636363636,16.045454545454547,18.254545454545458,20.46363636363637,22.67272727272728,24.88181818181819,27.0909090909091,29.30000000000001,30.02812500000001,30.75625000000001,31.484375000000007,32.212500000000006,32.940625000000004,33.66875,34.396875,35.125,35.853125,36.58125,37.309374999999996,38.037499999999994,38.76562499999999,39.49374999999999,40.22187499999999,40.94999999999999,,,,2.209090909090909,,,,,0.4178571428571427,-0.4178571428571427,,0.7357142857142858,0.7357142857142858
IMG2006_4288.JPG,powdery_mildew,,,,,,,,,,,,,,,,,,,,,,,,,,,,,,,,,,,,,,,,,,,
IMG2006_4289.JPG,ulcer_disease,,,,,,,,,,,,,,,,,,,,,,,,,,,,,,,,,,,,,,,,,,,
IMG2006_4290.JPG,ulcer_disease,,,,,,,,,,,,,,,,,,,,,,,,,,,,,,,,,,,,,,,,,,,
IMG2006_4291.JPG,powdery_mildew,C47,2.0,5.0,7.209090909090909,9.418181818181818,11.627272727272727,13.836363636363636,16.045454545454547,18.254545454545458,20.46363636363637,22.67272727272728,24.88181818181819,27.0909090909091,29.30000000000001,30.100000000000012,30.900000000000013,31.700000000000014,32.500000000000014,33.30000000000001,34.10000000000001,34.900000000000006,35.7,36.5,37.3,38.099999999999994,38.89999999999999,39.69999999999999,40.499999999999986,41.29999999999998,42.09999999999998,,,,,,,,,,,,,
IMG2006_4292.JPG,powdery_mildew,,,,,,,,,,,,,,,,,,,,,,,,,,,,,,,,,,,,,,,,,,,
IMG2006_4293.JPG,powdery_mildew,,,,,,,,,,,,,,,,,,,,,,,,,,,,,,,,,,,,,,,,,,,
IMG2006_4294.JPG,ulcer_disease,B48,2.0,5.0,7.209090909090909,9.418181818181818,11.627272727272727,13.836363636363636,16.045454545454547,18.254545454545458,20.46363636363637,22.67272727272728,24.88181818181819,27.0909090909091,29.30000000000001,30.41875000000001,31.53750000000001,32.65625000000001,33.775000000000006,34.893750000000004,36.0125,37.13125,38.25,39.36875,40.4875,41.606249999999996,42.724999999999994,43.84374999999999,44.96249999999999,46.08124999999999,47.19999999999999,,,,2.209090909090909,,,,,0.34999999999999964,-0.34999999999999964,,1.007142857142858,1.007142857142858
IMG2006_4295.JPG,ulcer_disease,,,,,,,,,,,,,,,,,,,,,,,,,,,,,,,,,,,,,,,,,,,
IMG2006_4296.JPG,ulcer_disease,,,,,,,,,,,,,,,,,,,,,,,,,,,,,,,,,,,,,,,,,,,
IMG2006_4297.JPG,powdery_mildew,B44,2.0,5.0,7.209090909090909,9.418181818181818,11.627272727272727,13.836363636363636,16.045454545454547,18.254545454545458,20.46363636363637,22.67272727272728,24.88181818181819,27.0909090909091,29.30000000000001,30.193750000000012,31.087500000000013,31.981250000000014,32.875000000000014,33.76875000000001,34.66250000000001,35.556250000000006,36.45,37.34375,38.2375,39.131249999999994,40.02499999999999,40.91874999999999,41.812499999999986,42.70624999999998,43.59999999999998,,,,2.209090909090909,,,,,0.11785714285714377,-0.11785714285714377,,0.13928571428571423,0.13928571428571423
IMG2006_4298.JPG,ulcer_disease,,,,,,,,,,,,,,,,,,,,,,,,,,,,,,,,,,,,,,,,,,,
IMG2006_4299.JPG,powdery_mildew,,,,,,,,,,,,,,,,,,,,,,,,,,,,,,,,,,,,,,,,,,,
IMG2006_4300.JPG,powdery_mildew,,,,,,,,,,,,,,,,,,,,,,,,,,,,,,,,,,,,,,,,,,,
IMG2006_4301.JPG,powdery_mildew,,,,,,,,,,,,,,,,,,,,,,,,,,,,,,,,,,,,,,,,,,,
IMG2006_4302.JPG,powdery_mildew,,,,,,,,,,,,,,,,,,,,,,,,,,,,,,,,,,,,,,,,,,,
IMG2006_4303.JPG,powdery_mildew,,,,,,,,,,,,,,,,,,,,,,,,,,,,,,,,,,,,,,,,,,,
IMG2006_4304.JPG,powdery_mildew,,,,,,,,,,,,,,,,,,,,,,,,,,,,,,,,,,,,,,,,,,,
IMG2006_4305.JPG,powdery_mildew,,,,,,,,,,,,,,,,,,,,,,,,,,,,,,,,,,,,,,,,,,,
IMG2006_4306.JPG,powdery_mildew,,,,,,,,,,,,,,,,,,,,,,,,,,,,,,,,,,,,,,,,,,,
IMG2006_4307.JPG,powdery_mildew,,,,,,,,,,,,,,,,,,,,,,,,,,,,,,,,,,,,,,,,,,,
IMG2006_4308.JPG,powdery_mildew,,,,,,,,,,,,,,,,,,,,,,,,,,,,,,,,,,,,,,,,,,,
IMG2007_0043.JPG,ulcer_disease,C24,2.0,5.0,7.209090909090909,9.418181818181818,11.627272727272727,13.836363636363636,16.045454545454547,18.254545454545458,20.46363636363637,22.67272727272728,24.88181818181819,27.0909090909091,29.30000000000001,29.94062500000001,30.58125000000001,31.22187500000001,31.86250000000001,32.50312500000001,33.14375000000001,33.78437500000001,34.42500000000001,35.06562500000001,35.70625000000001,36.34687500000001,36.98750000000001,37.62812500000001,38.26875000000001,38.90937500000001,39.55000000000001,,,,,,,,,,,,,
IMG2007_0044.JPG,ulcer_disease,,,,,,,,,,,,,,,,,,,,,,,,,,,,,,,,,,,,,,,,,,,
IMG2007_0045.JPG,ulcer_disease,,,,,,,,,,,,,,,,,,,,,,,,,,,,,,,,,,,,,,,,,,,
IMG2007_0046.JPG,powdery_mildew,,,,,,,,,,,,,,,,,,,,,,,,,,,,,,,,,,,,,,,,,,,
IMG2007_0047.JPG,ulcer_disease,,,,,,,,,,,,,,,,,,,,,,,,,,,,,,,,,,,,,,,,,,,
IMG2007_0048.JPG,ulcer_disease,,,,,,,,,,,,,,,,,,,,,,,,,,,,,,,,,,,,,,,,,,,
IMG2007_0049.JPG,ulcer_disease,,,,,,,,,,,,,,,,,,,,,,,,,,,,,,,,,,,,,,,,,,,
IMG2007_0050.JPG,ulcer_disease,,,,,,,,,,,,,,,,,,,,,,,,,,,,,,,,,,,,,,,,,,,
IMG2007_0051.JPG,ulcer_disease,,,,,,,,,,,,,,,,,,,,,,,,,,,,,,,,,,,,,,,,,,,
IMG2007_0052.JPG,ulcer_disease,,,,,,,,,,,,,,,,,,,,,,,,,,,,,,,,,,,,,,,,,,,
IMG2007_0053.JPG,ulcer_disease,,,,,,,,,,,,,,,,,,,,,,,,,,,,,,,,,,,,,,,,,,,
IMG2007_0054.JPG,ulcer_disease,,,,,,,,,,,,,,,,,,,,,,,,,,,,,,,,,,,,,,,,,,,
IMG2007_0055.JPG,ulcer_disease,,,,,,,,,,,,,,,,,,,,,,,,,,,,,,,,,,,,,,,,,,,
IMG2007_0056.JPG,gray_mold,C20,2.0,5.0,7.209090909090909,9.418181818181818,11.627272727272727,13.836363636363636,16.045454545454547,18.254545454545458,20.46363636363637,22.67272727272728,24.88181818181819,27.0909090909091,29.30000000000001,30.134375000000013,30.968750000000014,31.803125000000016,32.63750000000002,33.47187500000002,34.30625000000002,35.14062500000002,35.97500000000002,36.809375000000024,37.643750000000026,38.47812500000003,39.31250000000003,40.14687500000003,40.98125000000003,41.81562500000003,42.650000000000034,,,,,,,,,,,,,
IMG2007_0057.JPG,ulcer_disease,,,,,,,,,,,,,,,,,,,,,,,,,,,,,,,,,,,,,,,,,,,
IMG2007_0058.JPG,ulcer_disease,,,,,,,,,,,,,,,,,,,,,,,,,,,,,,,,,,,,,,,,,,,
IMG2007_0059.JPG,powdery_mildew,B20,3.0,5.0,7.309090909090909,9.618181818181817,11.927272727272726,14.236363636363635,16.545454545454543,18.854545454545452,21.16363636363636,23.47272727272727,25.781818181818178,28.090909090909086,30.399999999999995,31.312499999999996,32.224999999999994,33.137499999999996,34.05,34.9625,35.875,36.7875,37.7,38.612500000000004,39.525000000000006,40.43750000000001,41.35000000000001,42.26250000000001,43.17500000000001,44.08750000000001,45.000000000000014,,,,,,,,,,,,,
IMG2007_0059.JPG,powdery_mildew,B42,3.0,5.0,7.309090909090909,9.618181818181817,11.927272727272726,14.236363636363635,16.545454545454543,18.854545454545452,21.16363636363636,23.47272727272727,25.781818181818178,28.090909090909086,30.399999999999995,31.165624999999995,31.931249999999995,32.69687499999999,33.46249999999999,34.22812499999999,34.99374999999999,35.75937499999999,36.52499999999999,37.29062499999999,38.05624999999999,38.82187499999999,39.58749999999999,40.35312499999999,41.11874999999999,41.88437499999999,42.64999999999999,,,,,,,,,,,,,
IMG2007_0060.JPG,ulcer_disease,,,,,,,,,,,,,,,,,,,,,,,,,,,,,,,,,,,,,,,,,,,
IMG2007_0061.JPG,ulcer_disease,,,,,,,,,,,,,,,,,,,,,,,,,,,,,,,,,,,,,,,,,,,
IMG2007_0062.JPG,powdery_mildew,B45,4.0,5.0,7.245454545454546,9.490909090909092,11.736363636363638,13.981818181818184,16.22727272727273,18.472727272727276,20.718181818181822,22.96363636363637,25.209090909090914,27.45454545454546,29.700000000000006,30.834375000000005,31.968750000000004,33.103125000000006,34.237500000000004,35.371875,36.50625,37.640625,38.775,39.909375,41.043749999999996,42.178124999999994,43.31249999999999,44.44687499999999,45.58124999999999,46.71562499999999,47.84999999999999,,,,,,,,,,,,,
IMG2007_0063.JPG,gray_mold,B17,4.0,5.0,7.245454545454546,9.490909090909092,11.736363636363638,13.981818181818184,16.22727272727273,18.472727272727276,20.718181818181822,22.96363636363637,25.209090909090914,27.45454545454546,29.700000000000006,30.265625000000007,30.831250000000008,31.39687500000001,31.96250000000001,32.52812500000001,33.09375000000001,33.659375000000004,34.225,34.790625,35.356249999999996,35.92187499999999,36.48749999999999,37.05312499999999,37.618749999999984,38.18437499999998,38.74999999999998,,,,,,,,,,,,,
IMG2007_0064.JPG,powdery_mildew,,,,,,,,,,,,,,,,,,,,,,,,,,,,,,,,,,,,,,,,,,,
IMG2007_0065.JPG,ulcer_disease,,,,,,,,,,,,,,,,,,,,,,,,,,,,,,,,,,,,,,,,,,,
IMG2007_0066.JPG,ulcer_disease,,,,,,,,,,,,,,,,,,,,,,,,,,,,,,,,,,,,,,,,,,,
IMG2007_0067.JPG,ulcer_disease,C21,3.0,5.0,7.309090909090909,9.618181818181817,11.927272727272726,14.236363636363635,16.545454545454543,18.854545454545452,21.16363636363636,23.47272727272727,25.781818181818178,28.090909090909086,30.399999999999995,30.999999999999996,31.599999999999998,32.199999999999996,32.8,33.4,34.0,34.6,35.2,35.800000000000004,36.400000000000006,37.00000000000001,37.60000000000001,38.20000000000001,38.80000000000001,39.40000000000001,40.000000000000014,,,,,,,,,,,,,
IMG2007_0068.JPG,ulcer_disease,,,,,,,,,,,,,,,,,,,,,,,,,,,,,,,,,,,,,,,,,,,
IMG2007_0069.JPG,ulcer_disease,,,,,,,,,,,,,,,,,,,,,,,,,,,,,,,,,,,,,,,,,,,
IMG2007_0070.JPG,ulcer_disease,,,,,,,,,,,,,,,,,,,,,,,,,,,,,,,,,,,,,,,,,,,
IMG2007_0071.JPG,ulcer_disease,,,,,,,,,,,,,,,,,,,,,,,,,,,,,,,,,,,,,,,,,,,
IMG2007_0072.JPG,ulcer_disease,,,,,,,,,,,,,,,,,,,,,,,,,,,,,,,,,,,,,,,,,,,
IMG2007_0073.JPG,ulcer_disease,,,,,,,,,,,,,,,,,,,,,,,,,,,,,,,,,,,,,,,,,,,
IMG2007_0074.JPG,ulcer_disease,,,,,,,,,,,,,,,,,,,,,,,,,,,,,,,,,,,,,,,,,,,
IMG2007_0075.JPG,powdery_mildew,B43,4.0,5.0,7.245454545454546,9.490909090909092,11.736363636363638,13.981818181818184,16.22727272727273,18.472727272727276,20.718181818181822,22.96363636363637,25.209090909090914,27.45454545454546,29.700000000000006,30.515625000000007,31.331250000000008,32.14687500000001,32.962500000000006,33.778125,34.59375,35.409375,36.224999999999994,37.04062499999999,37.85624999999999,38.671874999999986,39.48749999999998,40.30312499999998,41.11874999999998,41.934374999999974,42.74999999999997,,,,,,,,,,,,,
IMG2007_0076 (1).JPG,powdery_mildew,,,,,,,,,,,,,,,,,,,,,,,,,,,,,,,,,,,,,,,,,,,
IMG2007_0076.JPG,powdery_mildew,,,,,,,,,,,,,,,,,,,,,,,,,,,,,,,,,,,,,,,,,,,
IMG2007_0077.JPG,ulcer_disease,,,,,,,,,,,,,,,,,,,,,,,,,,,,,,,,,,,,,,,,,,,
IMG2007_0078.JPG,powdery_mildew,,,,,,,,,,,,,,,,,,,,,,,,,,,,,,,,,,,,,,,,,,,
IMG2007_0079.JPG,powdery_mildew,,,,,,,,,,,,,,,,,,,,,,,,,,,,,,,,,,,,,,,,,,,
IMG2007_0080.JPG,ulcer_disease,,,,,,,,,,,,,,,,,,,,,,,,,,,,,,,,,,,,,,,,,,,
IMG2007_0081.JPG,sour_rot,C43,3.0,5.0,7.309090909090909,9.618181818181817,11.927272727272726,14.236363636363635,16.545454545454543,18.854545454545452,21.16363636363636,23.47272727272727,25.781818181818178,28.090909090909086,30.399999999999995,31.434374999999996,32.46874999999999,33.50312499999999,34.53749999999999,35.571874999999984,36.60624999999998,37.64062499999998,38.674999999999976,39.70937499999997,40.74374999999997,41.77812499999997,42.812499999999964,43.84687499999996,44.88124999999996,45.915624999999956,46.94999999999995,,,,,,,,,,,,,
IMG2007_0082.JPG,powdery_mildew,,,,,,,,,,,,,,,,,,,,,,,,,,,,,,,,,,,,,,,,,,,
IMG2007_0083.JPG,ulcer_disease,,,,,,,,,,,,,,,,,,,,,,,,,,,,,,,,,,,,,,,,,,,
IMG2007_0084.JPG,ulcer_disease,,,,,,,,,,,,,,,,,,,,,,,,,,,,,,,,,,,,,,,,,,,
IMG2007_0085.JPG,ulcer_disease,,,,,,,,,,,,,,,,,,,,,,,,,,,,,,,,,,,,,,,,,,,
IMG2007_0086.JPG,ulcer_disease,B47,3.0,5.0,7.309090909090909,9.618181818181817,11.927272727272726,14.236363636363635,16.545454545454543,18.854545454545452,21.16363636363636,23.47272727272727,25.781818181818178,28.090909090909086,30.399999999999995,30.903124999999996,31.406249999999996,31.909374999999997,32.412499999999994,32.91562499999999,33.41874999999999,33.921874999999986,34.42499999999998,34.92812499999998,35.43124999999998,35.934374999999974,36.43749999999997,36.94062499999997,37.443749999999966,37.94687499999996,38.44999999999996,,,,,,,,,,,,,
IMG2007_0087.JPG,powdery_mildew,,,,,,,,,,,,,,,,,,,,,,,,,,,,,,,,,,,,,,,,,,,
IMG2007_0088.JPG,ulcer_disease,,,,,,,,,,,,,,,,,,,,,,,,,,,,,,,,,,,,,,,,,,,
IMG2007_0089.JPG,sour_rot,C48,3.0,5.0,7.309090909090909,9.618181818181817,11.927272727272726,14.236363636363635,16.545454545454543,18.854545454545452,21.16363636363636,23.47272727272727,25.781818181818178,28.090909090909086,30.399999999999995,30.984374999999996,31.568749999999998,32.153124999999996,32.7375,33.321875,33.90625,34.490625,35.075,35.659375000000004,36.243750000000006,36.82812500000001,37.41250000000001,37.99687500000001,38.58125000000001,39.16562500000001,39.750000000000014,,,,,,,,,,,,,
IMG2007_0089.JPG,sour_rot,C42,4.0,5.0,7.245454545454546,9.490909090909092,11.736363636363638,13.981818181818184,16.22727272727273,18.472727272727276,20.718181818181822,22.96363636363637,25.209090909090914,27.45454545454546,29.700000000000006,30.434375000000006,31.168750000000006,31.903125000000006,32.63750000000001,33.37187500000001,34.10625000000001,34.84062500000001,35.57500000000001,36.30937500000001,37.04375000000001,37.77812500000001,38.51250000000001,39.24687500000001,39.98125000000001,40.71562500000001,41.45000000000001,,,,,,,,,,,,,
IMG2007_0090.JPG,ulcer_disease,,,,,,,,,,,,,,,,,,,,,,,,,,,,,,,,,,,,,,,,,,,
IMG2007_0091.JPG,gray_mold,,,,,,,,,,,,,,,,,,,,,,,,,,,,,,,,,,,,,,,,,,,
IMG2007_0092.JPG,ulcer_disease,,,,,,,,,,,,,,,,,,,,,,,,,,,,,,,,,,,,,,,,,,,
IMG2007_0093.JPG,powdery_mildew,,,,,,,,,,,,,,,,,,,,,,,,,,,,,,,,,,,,,,,,,,,
IMG2007_0094.JPG,ulcer_disease,,,,,,,,,,,,,,,,,,,,,,,,,,,,,,,,,,,,,,,,,,,
IMG2007_0095.JPG,powdery_mildew,,,,,,,,,,,,,,,,,,,,,,,,,,,,,,,,,,,,,,,,,,,
IMG2007_0096.JPG,powdery_mildew,,,,,,,,,,,,,,,,,,,,,,,,,,,,,,,,,,,,,,,,,,,
IMG2007_0097.JPG,powdery_mildew,,,,,,,,,,,,,,,,,,,,,,,,,,,,,,,,,,,,,,,,,,,
IMG2007_0098.JPG,ulcer_disease,,,,,,,,,,,,,,,,,,,,,,,,,,,,,,,,,,,,,,,,,,,
IMG2007_0099.JPG,powdery_mildew,,,,,,,,,,,,,,,,,,,,,,,,,,,,,,,,,,,,,,,,,,,
IMG2007_0100.JPG,powdery_mildew,,,,,,,,,,,,,,,,,,,,,,,,,,,,,,,,,,,,,,,,,,,
IMG2007_0101.JPG,powdery_mildew,,,,,,,,,,,,,,,,,,,,,,,,,,,,,,,,,,,,,,,,,,,
IMG2007_0102.JPG,gray_mold,B23,4.0,5.0,7.245454545454546,9.490909090909092,11.736363636363638,13.981818181818184,16.22727272727273,18.472727272727276,20.718181818181822,22.96363636363637,25.209090909090914,27.45454545454546,29.700000000000006,30.225000000000005,30.750000000000004,31.275000000000002,31.8,32.325,32.85,33.375,33.9,34.425,34.949999999999996,35.474999999999994,35.99999999999999,36.52499999999999,37.04999999999999,37.57499999999999,38.09999999999999,,,,,,,,,,,,,
IMG2007_0103.JPG,powdery_mildew,,,,,,,,,,,,,,,,,,,,,,,,,,,,,,,,,,,,,,,,,,,
IMG2007_0104.JPG,gray_mold,,,,,,,,,,,,,,,,,,,,,,,,,,,,,,,,,,,,,,,,,,,
IMG2007_0105.JPG,powdery_mildew,,,,,,,,,,,,,,,,,,,,,,,,,,,,,,,,,,,,,,,,,,,
IMG2007_0106.JPG,powdery_mildew,,,,,,,,,,,,,,,,,,,,,,,,,,,,,,,,,,,,,,,,,,,
IMG2007_0107.JPG,ulcer_disease,,,,,,,,,,,,,,,,,,,,,,,,,,,,,,,,,,,,,,,,,,,
IMG2007_0108.JPG,ulcer_disease,,,,,,,,,,,,,,,,,,,,,,,,,,,,,,,,,,,,,,,,,,,
IMG2007_0109.JPG,ulcer_disease,,,,,,,,,,,,,,,,,,,,,,,,,,,,,,,,,,,,,,,,,,,
IMG2007_0110.JPG,gray_mold,,,,,,,,,,,,,,,,,,,,,,,,,,,,,,,,,,,,,,,,,,,
IMG2007_0111.JPG,powdery_mildew,,,,,,,,,,,,,,,,,,,,,,,,,,,,,,,,,,,,,,,,,,,
IMG2007_0112.JPG,powdery_mildew,,,,,,,,,,,,,,,,,,,,,,,,,,,,,,,,,,,,,,,,,,,
IMG2007_0113.JPG,gray_mold,,,,,,,,,,,,,,,,,,,,,,,,,,,,,,,,,,,,,,,,,,,
IMG2007_0114.JPG,ulcer_disease,,,,,,,,,,,,,,,,,,,,,,,,,,,,,,,,,,,,,,,,,,,
IMG2007_0115.JPG,powdery_mildew,,,,,,,,,,,,,,,,,,,,,,,,,,,,,,,,,,,,,,,,,,,
IMG2007_0116.JPG,gray_mold,,,,,,,,,,,,,,,,,,,,,,,,,,,,,,,,,,,,,,,,,,,
IMG2007_0117.JPG,powdery_mildew,,,,,,,,,,,,,,,,,,,,,,,,,,,,,,,,,,,,,,,,,,,
IMG2007_0118.JPG,gray_mold,,,,,,,,,,,,,,,,,,,,,,,,,,,,,,,,,,,,,,,,,,,
IMG2007_0119.JPG,ulcer_disease,,,,,,,,,,,,,,,,,,,,,,,,,,,,,,,,,,,,,,,,,,,
IMG2007_0120.JPG,powdery_mildew,,,,,,,,,,,,,,,,,,,,,,,,,,,,,,,,,,,,,,,,,,,
IMG2007_0121.JPG,powdery_mildew,,,,,,,,,,,,,,,,,,,,,,,,,,,,,,,,,,,,,,,,,,,
IMG2007_0122.JPG,powdery_mildew,,,,,,,,,,,,,,,,,,,,,,,,,,,,,,,,,,,,,,,,,,,
IMG2007_0123.JPG,sour_rot,,,,,,,,,,,,,,,,,,,,,,,,,,,,,,,,,,,,,,,,,,,
IMG2007_0124.JPG,powdery_mildew,,,,,,,,,,,,,,,,,,,,,,,,,,,,,,,,,,,,,,,,,,,
IMG2007_0125.JPG,powdery_mildew,,,,,,,,,,,,,,,,,,,,,,,,,,,,,,,,,,,,,,,,,,,
IMG2007_0126.JPG,gray_mold,,,,,,,,,,,,,,,,,,,,,,,,,,,,,,,,,,,,,,,,,,,
IMG2007_0127.JPG,gray_mold,,,,,,,,,,,,,,,,,,,,,,,,,,,,,,,,,,,,,,,,,,,
IMG2007_0128.JPG,powdery_mildew,,,,,,,,,,,,,,,,,,,,,,,,,,,,,,,,,,,,,,,,,,,
IMG2007_0129.JPG,powdery_mildew,,,,,,,,,,,,,,,,,,,,,,,,,,,,,,,,,,,,,,,,,,,
IMG2007_0130.JPG,gray_mold,,,,,,,,,,,,,,,,,,,,,,,,,,,,,,,,,,,,,,,,,,,
IMG2007_0131.JPG,powdery_mildew,,,,,,,,,,,,,,,,,,,,,,,,,,,,,,,,,,,,,,,,,,,
IMG2007_0132.JPG,gray_mold,,,,,,,,,,,,,,,,,,,,,,,,,,,,,,,,,,,,,,,,,,,
IMG2007_0133.JPG,powdery_mildew,,,,,,,,,,,,,,,,,,,,,,,,,,,,,,,,,,,,,,,,,,,
IMG2007_0134.JPG,ulcer_disease,,,,,,,,,,,,,,,,,,,,,,,,,,,,,,,,,,,,,,,,,,,
IMG2007_0135.JPG,powdery_mildew,,,,,,,,,,,,,,,,,,,,,,,,,,,,,,,,,,,,,,,,,,,
IMG2007_0136.JPG,powdery_mildew,,,,,,,,,,,,,,,,,,,,,,,,,,,,,,,,,,,,,,,,,,,
IMG2007_0137.JPG,sour_rot,,,,,,,,,,,,,,,,,,,,,,,,,,,,,,,,,,,,,,,,,,,
IMG2007_0138.JPG,powdery_mildew,,,,,,,,,,,,,,,,,,,,,,,,,,,,,,,,,,,,,,,,,,,
IMG2007_0139.JPG,ulcer_disease,,,,,,,,,,,,,,,,,,,,,,,,,,,,,,,,,,,,,,,,,,,
IMG2007_0140.JPG,ulcer_disease,,,,,,,,,,,,,,,,,,,,,,,,,,,,,,,,,,,,,,,,,,,
IMG_0565.JPG,black_mold,,,,,,,,,,,,,,,,,,,,,,,,,,,,,,,,,,,,,,,,,,,
IMG_0566.JPG,black_mold,,,,,,,,,,,,,,,,,,,,,,,,,,,,,,,,,,,,,,,,,,,
IMG_0567.JPG,black_mold,,,,,,,,,,,,,,,,,,,,,,,,,,,,,,,,,,,,,,,,,,,
IMG_0568.JPG,black_mold,,,,,,,,,,,,,,,,,,,,,,,,,,,,,,,,,,,,,,,,,,,
IMG_0569.JPG,black_mold,,,,,,,,,,,,,,,,,,,,,,,,,,,,,,,,,,,,,,,,,,,
IMG_0570.JPG,black_mold,,,,,,,,,,,,,,,,,,,,,,,,,,,,,,,,,,,,,,,,,,,
IMG_0571.JPG,black_mold,,,,,,,,,,,,,,,,,,,,,,,,,,,,,,,,,,,,,,,,,,,
IMG_0572.JPG,black_mold,,,,,,,,,,,,,,,,,,,,,,,,,,,,,,,,,,,,,,,,,,,
IMG_0573.JPG,black_mold,,,,,,,,,,,,,,,,,,,,,,,,,,,,,,,,,,,,,,,,,,,
IMG_0575.JPG,black_mold,,,,,,,,,,,,,,,,,,,,,,,,,,,,,,,,,,,,,,,,,,,
IMG_0576.JPG,black_mold,,,,,,,,,,,,,,,,,,,,,,,,,,,,,,,,,,,,,,,,,,,
IMG_0577.JPG,black_mold,,,,,,,,,,,,,,,,,,,,,,,,,,,,,,,,,,,,,,,,,,,
IMG_0578.JPG,black_mold,,,,,,,,,,,,,,,,,,,,,,,,,,,,,,,,,,,,,,,,,,,
IMG_0579.JPG,black_mold,,,,,,,,,,,,,,,,,,,,,,,,,,,,,,,,,,,,,,,,,,,
IMG_0580.JPG,black_mold,,,,,,,,,,,,,,,,,,,,,,,,,,,,,,,,,,,,,,,,,,,
IMG_0581.JPG,black_mold,,,,,,,,,,,,,,,,,,,,,,,,,,,,,,,,,,,,,,,,,,,
IMG_0582.JPG,black_mold,,,,,,,,,,,,,,,,,,,,,,,,,,,,,,,,,,,,,,,,,,,
IMG_0583.JPG,black_mold,,,,,,,,,,,,,,,,,,,,,,,,,,,,,,,,,,,,,,,,,,,
IMG_0584.JPG,black_mold,,,,,,,,,,,,,,,,,,,,,,,,,,,,,,,,,,,,,,,,,,,
IMG_0585.JPG,gray_mold,,,,,,,,,,,,,,,,,,,,,,,,,,,,,,,,,,,,,,,,,,,
IMG_0586.JPG,black_mold,,,,,,,,,,,,,,,,,,,,,,,,,,,,,,,,,,,,,,,,,,,
IMG_0588.JPG,black_mold,,,,,,,,,,,,,,,,,,,,,,,,,,,,,,,,,,,,,,,,,,,
IMG_0589.JPG,black_mold,,,,,,,,,,,,,,,,,,,,,,,,,,,,,,,,,,,,,,,,,,,
IMG_0590.JPG,black_mold,,,,,,,,,,,,,,,,,,,,,,,,,,,,,,,,,,,,,,,,,,,
IMG_0591.JPG,black_mold,,,,,,,,,,,,,,,,,,,,,,,,,,,,,,,,,,,,,,,,,,,
IMG_0592.JPG,black_mold,,,,,,,,,,,,,,,,,,,,,,,,,,,,,,,,,,,,,,,,,,,
IMG_0593.JPG,black_mold,,,,,,,,,,,,,,,,,,,,,,,,,,,,,,,,,,,,,,,,,,,
IMG_0594.JPG,black_mold,,,,,,,,,,,,,,,,,,,,,,,,,,,,,,,,,,,,,,,,,,,
IMG_0595.JPG,gray_mold,,,,,,,,,,,,,,,,,,,,,,,,,,,,,,,,,,,,,,,,,,,
IMG_0596.JPG,black_mold,,,,,,,,,,,,,,,,,,,,,,,,,,,,,,,,,,,,,,,,,,,
IMG_0597.JPG,black_mold,,,,,,,,,,,,,,,,,,,,,,,,,,,,,,,,,,,,,,,,,,,
IMG_0598.JPG,black_mold,,,,,,,,,,,,,,,,,,,,,,,,,,,,,,,,,,,,,,,,,,,
IMG_19074966.JPG,sour_rot,,,,,,,,,,,,,,,,,,,,,,,,,,,,,,,,,,,,,,,,,,,
IMG_19074967.JPG,sour_rot,,,,,,,,,,,,,,,,,,,,,,,,,,,,,,,,,,,,,,,,,,,
IMG_19074968.JPG,sour_rot,,,,,,,,,,,,,,,,,,,,,,,,,,,,,,,,,,,,,,,,,,,
IMG_19074969.JPG,sour_rot,,,,,,,,,,,,,,,,,,,,,,,,,,,,,,,,,,,,,,,,,,,
IMG_19074970.JPG,sour_rot,,,,,,,,,,,,,,,,,,,,,,,,,,,,,,,,,,,,,,,,,,,
IMG_19074971.JPG,powdery_mildew,,,,,,,,,,,,,,,,,,,,,,,,,,,,,,,,,,,,,,,,,,,
IMG_19074972.JPG,powdery_mildew,,,,,,,,,,,,,,,,,,,,,,,,,,,,,,,,,,,,,,,,,,,
IMG_19074973.JPG,sour_rot,,,,,,,,,,,,,,,,,,,,,,,,,,,,,,,,,,,,,,,,,,,
IMG_19074974.JPG,sour_rot,,,,,,,,,,,,,,,,,,,,,,,,,,,,,,,,,,,,,,,,,,,
IMG_19074975.JPG,powdery_mildew,,,,,,,,,,,,,,,,,,,,,,,,,,,,,,,,,,,,,,,,,,,
IMG_19074976.JPG,powdery_mildew,,,,,,,,,,,,,,,,,,,,,,,,,,,,,,,,,,,,,,,,,,,
IMG_19074977.JPG,powdery_mildew,,,,,,,,,,,,,,,,,,,,,,,,,,,,,,,,,,,,,,,,,,,
IMG_19074978.JPG,powdery_mildew,,,,,,,,,,,,,,,,,,,,,,,,,,,,,,,,,,,,,,,,,,,
IMG_19074979.JPG,powdery_mildew,,,,,,,,,,,,,,,,,,,,,,,,,,,,,,,,,,,,,,,,,,,
IMG_19074980.JPG,powdery_mildew,,,,,,,,,,,,,,,,,,,,,,,,,,,,,,,,,,,,,,,,,,,
IMG_19074981.JPG,powdery_mildew,,,,,,,,,,,,,,,,,,,,,,,,,,,,,,,,,,,,,,,,,,,
IMG_19074982.JPG,powdery_mildew,,,,,,,,,,,,,,,,,,,,,,,,,,,,,,,,,,,,,,,,,,,
IMG_19074983.JPG,sour_rot,,,,,,,,,,,,,,,,,,,,,,,,,,,,,,,,,,,,,,,,,,,
IMG_19074984.JPG,sour_rot,,,,,,,,,,,,,,,,,,,,,,,,,,,,,,,,,,,,,,,,,,,
IMG_19074985.JPG,powdery_mildew,,,,,,,,,,,,,,,,,,,,,,,,,,,,,,,,,,,,,,,,,,,
IMG_19074986.JPG,sour_rot,,,,,,,,,,,,,,,,,,,,,,,,,,,,,,,,,,,,,,,,,,,
IMG_19074987.JPG,sour_rot,,,,,,,,,,,,,,,,,,,,,,,,,,,,,,,,,,,,,,,,,,,
IMG_19074988.JPG,sour_rot,,,,,,,,,,,,,,,,,,,,,,,,,,,,,,,,,,,,,,,,,,,
IMG_19074989.JPG,powdery_mildew,,,,,,,,,,,,,,,,,,,,,,,,,,,,,,,,,,,,,,,,,,,
IMG_19074990.JPG,sour_rot,,,,,,,,,,,,,,,,,,,,,,,,,,,,,,,,,,,,,,,,,,,
IMG_19074991.JPG,sour_rot,,,,,,,,,,,,,,,,,,,,,,,,,,,,,,,,,,,,,,,,,,,
IMG_19074992.JPG,black_mold,,,,,,,,,,,,,,,,,,,,,,,,,,,,,,,,,,,,,,,,,,,
IMG_19074993.JPG,powdery_mildew,,,,,,,,,,,,,,,,,,,,,,,,,,,,,,,,,,,,,,,,,,,
IMG_19074994.JPG,powdery_mildew,,,,,,,,,,,,,,,,,,,,,,,,,,,,,,,,,,,,,,,,,,,
IMG_19074995.JPG,black_mold,,,,,,,,,,,,,,,,,,,,,,,,,,,,,,,,,,,,,,,,,,,
IMG_19074996.JPG,sour_rot,,,,,,,,,,,,,,,,,,,,,,,,,,,,,,,,,,,,,,,,,,,
IMG_19074997.JPG,sour_rot,,,,,,,,,,,,,,,,,,,,,,,,,,,,,,,,,,,,,,,,,,,
IMG_19074998.JPG,powdery_mildew,,,,,,,,,,,,,,,,,,,,,,,,,,,,,,,,,,,,,,,,,,,
IMG_19074999.JPG,black_mold,,,,,,,,,,,,,,,,,,,,,,,,,,,,,,,,,,,,,,,,,,,
IMG_19075000.JPG,gray_mold,,,,,,,,,,,,,,,,,,,,,,,,,,,,,,,,,,,,,,,,,,,
IMG_19075001.JPG,black_mold,C23,4.0,5.0,7.245454545454546,9.490909090909092,11.736363636363638,13.981818181818184,16.22727272727273,18.472727272727276,20.718181818181822,22.96363636363637,25.209090909090914,27.45454545454546,29.700000000000006,30.256250000000005,30.812500000000004,31.368750000000002,31.925,32.48125,33.0375,33.59375,34.15,34.70625,35.262499999999996,35.818749999999994,36.37499999999999,36.93124999999999,37.48749999999999,38.04374999999999,38.59999999999999,,,,,,,,,,,,,
IMG_19075002.JPG,gray_mold,,,,,,,,,,,,,,,,,,,,,,,,,,,,,,,,,,,,,,,,,,,
IMG_19075003.JPG,black_mold,,,,,,,,,,,,,,,,,,,,,,,,,,,,,,,,,,,,,,,,,,,
IMG_19075004.JPG,gray_mold,,,,,,,,,,,,,,,,,,,,,,,,,,,,,,,,,,,,,,,,,,,
IMG_19075005.JPG,black_mold,,,,,,,,,,,,,,,,,,,,,,,,,,,,,,,,,,,,,,,,,,,
IMG_19075006.JPG,black_mold,,,,,,,,,,,,,,,,,,,,,,,,,,,,,,,,,,,,,,,,,,,
IMG_19075007.JPG,black_mold,,,,,,,,,,,,,,,,,,,,,,,,,,,,,,,,,,,,,,,,,,,
IMG_19075008.JPG,black_mold,,,,,,,,,,,,,,,,,,,,,,,,,,,,,,,,,,,,,,,,,,,
IMG_19075009.JPG,sour_rot,,,,,,,,,,,,,,,,,,,,,,,,,,,,,,,,,,,,,,,,,,,
IMG_19075010.JPG,powdery_mildew,,,,,,,,,,,,,,,,,,,,,,,,,,,,,,,,,,,,,,,,,,,
IMG_19075011.JPG,gray_mold,,,,,,,,,,,,,,,,,,,,,,,,,,,,,,,,,,,,,,,,,,,
IMG_19075012.JPG,black_mold,,,,,,,,,,,,,,,,,,,,,,,,,,,,,,,,,,,,,,,,,,,
IMG_19075013.JPG,black_mold,,,,,,,,,,,,,,,,,,,,,,,,,,,,,,,,,,,,,,,,,,,
IMG_19075014.JPG,gray_mold,,,,,,,,,,,,,,,,,,,,,,,,,,,,,,,,,,,,,,,,,,,
IMG_19075015.JPG,powdery_mildew,,,,,,,,,,,,,,,,,,,,,,,,,,,,,,,,,,,,,,,,,,,
IMG_19075016.JPG,black_mold,,,,,,,,,,,,,,,,,,,,,,,,,,,,,,,,,,,,,,,,,,,
IMG_19075017.JPG,sour_rot,,,,,,,,,,,,,,,,,,,,,,,,,,,,,,,,,,,,,,,,,,,
IMG_19075018.JPG,sour_rot,,,,,,,,,,,,,,,,,,,,,,,,,,,,,,,,,,,,,,,,,,,
IMG_19075019.JPG,sour_rot,,,,,,,,,,,,,,,,,,,,,,,,,,,,,,,,,,,,,,,,,,,
IMG_19075020.JPG,sour_rot,,,,,,,,,,,,,,,,,,,,,,,,,,,,,,,,,,,,,,,,,,,
IMG_19075021.JPG,powdery_mildew,,,,,,,,,,,,,,,,,,,,,,,,,,,,,,,,,,,,,,,,,,,
IMG_19075022.JPG,powdery_mildew,,,,,,,,,,,,,,,,,,,,,,,,,,,,,,,,,,,,,,,,,,,
IMG_19075023.JPG,powdery_mildew,,,,,,,,,,,,,,,,,,,,,,,,,,,,,,,,,,,,,,,,,,,
IMG_19075024.JPG,powdery_mildew,,,,,,,,,,,,,,,,,,,,,,,,,,,,,,,,,,,,,,,,,,,
IMG_19075025.JPG,sour_rot,,,,,,,,,,,,,,,,,,,,,,,,,,,,,,,,,,,,,,,,,,,
IMG_19075026.JPG,gray_mold,,,,,,,,,,,,,,,,,,,,,,,,,,,,,,,,,,,,,,,,,,,
IMG_19075027.JPG,gray_mold,,,,,,,,,,,,,,,,,,,,,,,,,,,,,,,,,,,,,,,,,,,
IMG_19075028.JPG,gray_mold,,,,,,,,,,,,,,,,,,,,,,,,,,,,,,,,,,,,,,,,,,,
IMG_19075029.JPG,powdery_mildew,,,,,,,,,,,,,,,,,,,,,,,,,,,,,,,,,,,,,,,,,,,
IMG_19075030.JPG,black_mold,,,,,,,,,,,,,,,,,,,,,,,,,,,,,,,,,,,,,,,,,,,
IMG_19075031.JPG,sour_rot,,,,,,,,,,,,,,,,,,,,,,,,,,,,,,,,,,,,,,,,,,,
IMG_19075032.JPG,powdery_mildew,,,,,,,,,,,,,,,,,,,,,,,,,,,,,,,,,,,,,,,,,,,
IMG_19075033.JPG,powdery_mildew,,,,,,,,,,,,,,,,,,,,,,,,,,,,,,,,,,,,,,,,,,,
IMG_19075034.JPG,sour_rot,,,,,,,,,,,,,,,,,,,,,,,,,,,,,,,,,,,,,,,,,,,
IMG_19075035.JPG,powdery_mildew,,,,,,,,,,,,,,,,,,,,,,,,,,,,,,,,,,,,,,,,,,,
IMG_19075036.JPG,sour_rot,,,,,,,,,,,,,,,,,,,,,,,,,,,,,,,,,,,,,,,,,,,
IMG_19075037.JPG,powdery_mildew,,,,,,,,,,,,,,,,,,,,,,,,,,,,,,,,,,,,,,,,,,,
IMG_19075038.JPG,sour_rot,,,,,,,,,,,,,,,,,,,,,,,,,,,,,,,,,,,,,,,,,,,
IMG_19075039.JPG,sour_rot,,,,,,,,,,,,,,,,,,,,,,,,,,,,,,,,,,,,,,,,,,,
IMG_19075040.JPG,powdery_mildew,,,,,,,,,,,,,,,,,,,,,,,,,,,,,,,,,,,,,,,,,,,
IMG_19075041.JPG,sour_rot,,,,,,,,,,,,,,,,,,,,,,,,,,,,,,,,,,,,,,,,,,,
IMG_19075042.JPG,sour_rot,,,,,,,,,,,,,,,,,,,,,,,,,,,,,,,,,,,,,,,,,,,
IMG_19075043.JPG,sour_rot,,,,,,,,,,,,,,,,,,,,,,,,,,,,,,,,,,,,,,,,,,,
IMG_19075044.JPG,sour_rot,,,,,,,,,,,,,,,,,,,,,,,,,,,,,,,,,,,,,,,,,,,
IMG_19075045.JPG,powdery_mildew,,,,,,,,,,,,,,,,,,,,,,,,,,,,,,,,,,,,,,,,,,,
IMG_19075046.JPG,sour_rot,,,,,,,,,,,,,,,,,,,,,,,,,,,,,,,,,,,,,,,,,,,
IMG_19075047.JPG,powdery_mildew,,,,,,,,,,,,,,,,,,,,,,,,,,,,,,,,,,,,,,,,,,,
IMG_19075048.JPG,powdery_mildew,,,,,,,,,,,,,,,,,,,,,,,,,,,,,,,,,,,,,,,,,,,
IMG_19075049.JPG,sour_rot,,,,,,,,,,,,,,,,,,,,,,,,,,,,,,,,,,,,,,,,,,,
IMG_19075050.JPG,sour_rot,,,,,,,,,,,,,,,,,,,,,,,,,,,,,,,,,,,,,,,,,,,
IMG_19075051.JPG,black_mold,C46,4.0,5.0,7.245454545454546,9.490909090909092,11.736363636363638,13.981818181818184,16.22727272727273,18.472727272727276,20.718181818181822,22.96363636363637,25.209090909090914,27.45454545454546,29.700000000000006,30.181250000000006,30.662500000000005,31.143750000000004,31.625000000000004,32.10625,32.587500000000006,33.06875000000001,33.55000000000001,34.031250000000014,34.51250000000002,34.99375000000002,35.47500000000002,35.956250000000026,36.43750000000003,36.91875000000003,37.400000000000034,,,,,,,,,,,,,
IMG_19075052.JPG,powdery_mildew,,,,,,,,,,,,,,,,,,,,,,,,,,,,,,,,,,,,,,,,,,,
IMG_19075053.JPG,black_mold,,,,,,,,,,,,,,,,,,,,,,,,,,,,,,,,,,,,,,,,,,,
IMG_19075054.JPG,black_mold,,,,,,,,,,,,,,,,,,,,,,,,,,,,,,,,,,,,,,,,,,,
IMG_19075055.JPG,gray_mold,,,,,,,,,,,,,,,,,,,,,,,,,,,,,,,,,,,,,,,,,,,
IMG_19075056.JPG,black_mold,,,,,,,,,,,,,,,,,,,,,,,,,,,,,,,,,,,,,,,,,,,
IMG_19075057.JPG,black_mold,,,,,,,,,,,,,,,,,,,,,,,,,,,,,,,,,,,,,,,,,,,
IMG_19075058.JPG,black_mold,,,,,,,,,,,,,,,,,,,,,,,,,,,,,,,,,,,,,,,,,,,
IMG_19075059.JPG,black_mold,,,,,,,,,,,,,,,,,,,,,,,,,,,,,,,,,,,,,,,,,,,
IMG_19075060.JPG,black_mold,,,,,,,,,,,,,,,,,,,,,,,,,,,,,,,,,,,,,,,,,,,
IMG_19075061.JPG,black_mold,,,,,,,,,,,,,,,,,,,,,,,,,,,,,,,,,,,,,,,,,,,
IMG_19075062.JPG,black_mold,,,,,,,,,,,,,,,,,,,,,,,,,,,,,,,,,,,,,,,,,,,
IMG_19075063.JPG,gray_mold,,,,,,,,,,,,,,,,,,,,,,,,,,,,,,,,,,,,,,,,,,,
IMG_19075064.JPG,black_mold,,,,,,,,,,,,,,,,,,,,,,,,,,,,,,,,,,,,,,,,,,,
IMG_19075335.JPG,powdery_mildew,,,,,,,,,,,,,,,,,,,,,,,,,,,,,,,,,,,,,,,,,,,
IMG_8789.JPG,black_mold,,,,,,,,,,,,,,,,,,,,,,,,,,,,,,,,,,,,,,,,,,,
IMG_8790.JPG,black_mold,,,,,,,,,,,,,,,,,,,,,,,,,,,,,,,,,,,,,,,,,,,
IMG_8791.JPG,black_mold,,,,,,,,,,,,,,,,,,,,,,,,,,,,,,,,,,,,,,,,,,,
IMG_8792.JPG,black_mold,,,,,,,,,,,,,,,,,,,,,,,,,,,,,,,,,,,,,,,,,,,
IMG_8793.JPG,black_mold,,,,,,,,,,,,,,,,,,,,,,,,,,,,,,,,,,,,,,,,,,,
IMG_8794.JPG,black_mold,,,,,,,,,,,,,,,,,,,,,,,,,,,,,,,,,,,,,,,,,,,
IMG_8795.JPG,black_mold,,,,,,,,,,,,,,,,,,,,,,,,,,,,,,,,,,,,,,,,,,,
IMG_8796.JPG,black_mold,,,,,,,,,,,,,,,,,,,,,,,,,,,,,,,,,,,,,,,,,,,
IMG_8797.JPG,black_mold,,,,,,,,,,,,,,,,,,,,,,,,,,,,,,,,,,,,,,,,,,,
IMG_8798.JPG,black_mold,,,,,,,,,,,,,,,,,,,,,,,,,,,,,,,,,,,,,,,,,,,
IMG_8799.JPG,black_mold,,,,,,,,,,,,,,,,,,,,,,,,,,,,,,,,,,,,,,,,,,,
IMG_8800.JPG,black_mold,,,,,,,,,,,,,,,,,,,,,,,,,,,,,,,,,,,,,,,,,,,
IMG_8801.JPG,black_mold,,,,,,,,,,,,,,,,,,,,,,,,,,,,,,,,,,,,,,,,,,,
IMG_8802.JPG,black_mold,,,,,,,,,,,,,,,,,,,,,,,,,,,,,,,,,,,,,,,,,,,
IMG_8803.JPG,powdery_mildew,,,,,,,,,,,,,,,,,,,,,,,,,,,,,,,,,,,,,,,,,,,
IMG_8804.JPG,black_mold,,,,,,,,,,,,,,,,,,,,,,,,,,,,,,,,,,,,,,,,,,,
IMG_8805.JPG,black_mold,,,,,,,,,,,,,,,,,,,,,,,,,,,,,,,,,,,,,,,,,,,
IMG_8806.JPG,black_mold,,,,,,,,,,,,,,,,,,,,,,,,,,,,,,,,,,,,,,,,,,,
IMG_8807.JPG,gray_mold,,,,,,,,,,,,,,,,,,,,,,,,,,,,,,,,,,,,,,,,,,,
IMG_8808.JPG,gray_mold,,,,,,,,,,,,,,,,,,,,,,,,,,,,,,,,,,,,,,,,,,,
IMG_8809.JPG,black_mold,,,,,,,,,,,,,,,,,,,,,,,,,,,,,,,,,,,,,,,,,,,
IMG_8810.JPG,black_mold,,,,,,,,,,,,,,,,,,,,,,,,,,,,,,,,,,,,,,,,,,,
IMG_8811.JPG,black_mold,,,,,,,,,,,,,,,,,,,,,,,,,,,,,,,,,,,,,,,,,,,
IMG_8812.JPG,black_mold,,,,,,,,,,,,,,,,,,,,,,,,,,,,,,,,,,,,,,,,,,,
IMG_8813.JPG,black_mold,,,,,,,,,,,,,,,,,,,,,,,,,,,,,,,,,,,,,,,,,,,
IMG_8814.JPG,black_mold,,,,,,,,,,,,,,,,,,,,,,,,,,,,,,,,,,,,,,,,,,,
IMG_8815.JPG,black_mold,,,,,,,,,,,,,,,,,,,,,,,,,,,,,,,,,,,,,,,,,,,
IMG_8816.JPG,black_mold,,,,,,,,,,,,,,,,,,,,,,,,,,,,,,,,,,,,,,,,,,,
IMG_8817.JPG,black_mold,,,,,,,,,,,,,,,,,,,,,,,,,,,,,,,,,,,,,,,,,,,
IMG_8818.JPG,gray_mold,,,,,,,,,,,,,,,,,,,,,,,,,,,,,,,,,,,,,,,,,,,
IMG_8820.JPG,gray_mold,B22,3.0,5.0,7.309090909090909,9.618181818181817,11.927272727272726,14.236363636363635,16.545454545454543,18.854545454545452,21.16363636363636,23.47272727272727,25.781818181818178,28.090909090909086,30.399999999999995,31.193749999999994,31.987499999999994,32.78124999999999,33.574999999999996,34.36875,35.1625,35.956250000000004,36.75000000000001,37.54375000000001,38.33750000000001,39.131250000000016,39.92500000000002,40.71875000000002,41.512500000000024,42.30625000000003,43.10000000000003,,,,,,,,,,,,,
IMG_8821.JPG,powdery_mildew,,,,,,,,,,,,,,,,,,,,,,,,,,,,,,,,,,,,,,,,,,,
IMG_8822.JPG,sour_rot,,,,,,,,,,,,,,,,,,,,,,,,,,,,,,,,,,,,,,,,,,,
IMG_8827.JPG,gray_mold,,,,,,,,,,,,,,,,,,,,,,,,,,,,,,,,,,,,,,,,,,,
IMG_8828.JPG,powdery_mildew,,,,,,,,,,,,,,,,,,,,,,,,,,,,,,,,,,,,,,,,,,,
IMG_8829.JPG,gray_mold,,,,,,,,,,,,,,,,,,,,,,,,,,,,,,,,,,,,,,,,,,,
IMG_8830.JPG,gray_mold,,,,,,,,,,,,,,,,,,,,,,,,,,,,,,,,,,,,,,,,,,,
